GEOID10,exposed_0.5buffer,exposed_1buffer,exposed_10buffer,exposed_20buffer
06083002103,0,0,0,0
06083002402,0,0,0,0
06083002102,0,0,0,0
06083002010,0,0,0,0
06083002009,0,0,0,0
06083002008,0,0,0,0
06083002007,0,0,0,0
06083990000,0,0,0,0
06083980100,0,0,0,0
06083980000,0,0,0,0
06083001704,0,0,0,0
06083002915,0,0,0,0
06083002606,0,0,0,0
06083003102,0,0,0,0
06083003007,0,0,0,0
06083002932,0,0,0,0
06083002930,0,0,0,0
06083002928,0,0,0,0
06083002926,0,0,0,0
06083002924,0,0,0,0
06083002922,0,0,0,0
06083002502,0,0,0,0
06083001706,0,0,0,0
06083001604,0,0,0,0
06083001402,0,0,0,0
06083001306,0,0,0,0
06083001304,0,0,0,0
06083001208,0,0,0,0
06083001206,0,0,0,0
06083000804,0,0,0,0
06083000302,0,0,0,0
06083000301,0,0,0,0
06083002006,0,0,0,0
06083002005,0,0,0,0
06083002012,0,0,0,0
06083001203,0,0,0,0
06083001102,0,0,0,0
06083001000,0,0,0,0
06083000900,0,0,0,0
06083000801,0,0,0,0
06083000600,0,0,0,0
06083000400,0,0,0,0
06083003005,0,0,0,0
06083003004,0,0,0,0
06083003001,0,0,0,0
06083002914,0,0,0,0
06083002913,0,0,0,0
06083002909,0,0,0,0
06083002907,0,0,0,0
06083002906,0,0,0,0
06083001500,0,0,0,0
06083000700,0,0,0,0
06083000502,0,0,0,0
06083000501,0,0,0,0
06083000200,0,0,0,0
06083000103,0,0,0,0
06083000102,0,0,0,0
06083000101,0,0,0,0
06083002708,0,0,0,0
06083002707,0,0,0,0
06083002706,0,0,0,0
06083002705,0,0,0,0
06083001101,0,0,0,0
06083002702,0,0,0,0
06083002809,0,0,0,0
06083002808,0,0,0,0
06083002806,0,0,0,0
06083002802,0,0,0,0
06083002703,0,0,0,0
06083001800,0,0,0,0
06083002604,0,0,0,0
06083001601,0,0,0,0
06083002011,0,0,0,0
06083002013,0,0,0,0
06083002305,0,0,0,0
06083002306,0,0,0,0
06083001906,0,0,0,0
06083001905,0,0,0,0
06083001903,0,0,0,0
06083001901,0,0,0,0
06083002101,0,0,0,0
06083002404,0,0,0,0
06083002403,0,0,0,0
06083002304,0,0,0,0
06083002303,0,0,0,0
06083002209,0,0,0,0
06083002211,0,0,0,0
06083002206,0,0,0,0
06083002205,0,0,0,0
06083002210,0,0,0,0
06025011802,0,0,0,0
06025011700,0,0,0,0
06025011600,0,0,0,0
06025011500,0,0,0,0
06025011400,0,0,0,0
06025011803,0,0,0,0
06025010500,0,0,0,0
06025010400,0,0,0,0
06025010300,0,0,0,0
06025012001,0,0,0,0
06025010101,0,0,0,0
06025012002,0,0,0,0
06025010102,0,0,0,0
06025010200,0,0,0,0
06025940000,0,0,0,0
06025012302,0,0,0,0
06025012301,0,0,0,0
06025011000,0,0,0,0
06025010900,0,0,0,0
06025011801,0,0,0,0
06025011300,0,0,0,0
06025011202,0,0,0,0
06025011201,0,0,0,0
06025011100,0,0,0,0
06025012400,0,0,0,0
06025012200,0,0,0,0
06025012100,0,0,0,0
06025011900,0,0,0,0
06025010800,0,0,0,0
06025010700,0,0,0,0
06025010600,0,0,0,0
06059062640,0,0,0,0
06059062641,0,0,0,0
06059062642,0,0,0,0
06059062643,0,0,0,0
06059062644,0,0,0,0
06059062645,0,0,0,0
06059062646,0,0,0,0
06059062647,0,0,0,0
06059099251,0,0,0,0
06059099305,0,0,0,0
06059099306,0,0,0,0
06059099307,0,0,0,0
06059099308,0,0,0,0
06059076208,0,0,0,0
06059011601,0,0,0,0
06059011602,0,0,0,0
06059011200,0,0,0,0
06059086602,0,0,0,0
06059001103,0,0,0,0
06059089104,0,0,0,0
06059086902,0,0,0,0
06059110402,0,0,0,0
06059088602,0,0,0,0
06059011722,0,0,0,0
06059032038,0,0,0,0
06059032039,0,0,0,0
06059032040,0,0,0,0
06059032041,0,0,0,0
06059032042,0,0,0,0
06059032043,0,0,0,0
06059032044,0,0,0,0
06059032045,0,0,0,0
06059032046,0,0,0,0
06059042106,0,0,0,0
06059042107,0,0,0,0
06059042108,0,0,0,0
06059042109,0,0,0,0
06059042111,0,0,0,0
06059042112,0,0,0,0
06059042113,0,0,0,0
06059062701,0,0,0,0
06059062702,0,0,0,0
06059062800,0,0,0,0
06059062900,0,0,0,0
06059063004,0,0,0,0
06059063005,0,0,0,0
06059063006,0,0,0,0
06059063007,0,0,0,0
06059063008,0,0,0,0
06059063009,0,0,0,0
06059099309,0,0,0,0
06059099310,0,0,0,0
06059099311,0,0,0,0
06059099402,0,0,0,0
06059099404,0,0,0,0
06059086601,0,0,0,0
06059076205,0,0,0,0
06059075812,0,0,0,0
06059011503,0,0,0,0
06059011402,0,0,0,0
06059086304,0,0,0,0
06059011711,0,0,0,0
06059110108,0,0,0,0
06059110006,0,0,0,0
06059075302,0,0,0,0
06059001102,0,0,0,0
06059032047,0,0,0,0
06059032048,0,0,0,0
06059032049,0,0,0,0
06059032050,0,0,0,0
06059032051,0,0,0,0
06059032053,0,0,0,0
06059032054,0,0,0,0
06059042114,0,0,0,0
06059042201,0,0,0,0
06059042203,0,0,0,0
06059042205,0,0,0,0
06059063010,0,0,0,0
06059063101,0,0,0,0
06059063102,0,0,0,0
06059063103,0,0,0,0
06059063201,0,0,0,0
06059099405,0,0,0,0
06059099406,0,0,0,0
06059099407,0,0,0,0
06059099408,0,0,0,0
06059099410,0,0,0,0
06059099411,0,0,0,0
06059021905,0,0,0,0
06059021920,0,0,0,0
06059021912,0,0,0,0
06059021923,0,0,0,0
06059021924,0,0,0,0
06059089107,0,0,0,0
06059086301,0,0,0,0
06059087200,0,0,0,0
06059086501,0,0,0,0
06059086402,0,0,0,0
06059110004,0,0,0,0
06059110012,0,0,0,0
06059110005,0,0,0,0
06059086702,0,0,0,0
06059110104,0,0,0,0
06059032055,0,0,0,0
06059032056,0,0,0,0
06059052404,0,0,0,0
06059052408,0,0,0,0
06059052415,0,0,0,0
06059052416,0,0,0,0
06059052417,0,0,0,0
06059052418,0,0,0,0
06059063202,0,0,0,0
06059063301,0,0,0,0
06059063302,0,0,0,0
06059063400,0,0,0,0
06059063500,0,0,0,0
06059011504,0,0,0,0
06059011300,0,0,0,0
06059011401,0,0,0,0
06059001506,0,0,0,0
06059087405,0,0,0,0
06059087403,0,0,0,0
06059011502,0,0,0,0
06059011403,0,0,0,0
06059075811,0,0,0,0
06059075814,0,0,0,0
06059110603,0,0,0,0
06059110116,0,0,0,0
06059110102,0,0,0,0
06059021802,0,0,0,0
06059087701,0,0,0,0
06059087103,0,0,0,0
06059087102,0,0,0,0
06059052419,0,0,0,0
06059052420,0,0,0,0
06059052421,0,0,0,0
06059052422,0,0,0,0
06059052423,0,0,0,0
06059052424,0,0,0,0
06059052425,0,0,0,0
06059052426,0,0,0,0
06059052427,0,0,0,0
06059052428,0,0,0,0
06059052502,0,0,0,0
06059052505,0,0,0,0
06059032061,0,0,0,0
06059032059,0,0,0,0
06059032058,0,0,0,0
06059063601,0,0,0,0
06059063603,0,0,0,0
06059063604,0,0,0,0
06059063605,0,0,0,0
06059063701,0,0,0,0
06059063702,0,0,0,0
06059099412,0,0,0,0
06059099413,0,0,0,0
06059099415,0,0,0,0
06059099416,0,0,0,0
06059099417,0,0,0,0
06059099506,0,0,0,0
06059076000,0,0,0,0
06059076101,0,0,0,0
06059086306,0,0,0,0
06059076204,0,0,0,0
06059099902,0,0,0,0
06059110203,0,0,0,0
06059021815,0,0,0,0
06059087704,0,0,0,0
06059087601,0,0,0,0
06059087504,0,0,0,0
06059110011,0,0,0,0
06059052506,0,0,0,0
06059052511,0,0,0,0
06059052515,0,0,0,0
06059052521,0,0,0,0
06059052524,0,0,0,0
06059052525,0,0,0,0
06059032057,0,0,0,0
06059062649,0,0,0,0
06059087505,0,0,0,0
06059062648,0,0,0,0
06059990100,0,0,0,0
06059980000,0,0,0,0
06059074103,0,0,0,0
06059063802,0,0,0,0
06059063803,0,0,0,0
06059063805,0,0,0,0
06059063806,0,0,0,0
06059063807,0,0,0,0
06059099508,0,0,0,0
06059099511,0,0,0,0
06059099513,0,0,0,0
06059099514,0,0,0,0
06059099601,0,0,0,0
06059086305,0,0,0,0
06059076206,0,0,0,0
06059087404,0,0,0,0
06059086407,0,0,0,0
06059021813,0,0,0,0
06059021915,0,0,0,0
06059021821,0,0,0,0
06059076202,0,0,0,0
06059110001,0,0,0,0
06059011709,0,0,0,0
06059110008,0,0,0,0
06059021826,0,0,0,0
06059088002,0,0,0,0
06059088801,0,0,0,0
06059052526,0,0,0,0
06059052527,0,0,0,0
06059052528,0,0,0,0
06059074003,0,0,0,0
06059074004,0,0,0,0
06059074111,0,0,0,0
06059074702,0,0,0,0
06059021913,0,0,0,0
06059021914,0,0,0,0
06059021917,0,0,0,0
06059021918,0,0,0,0
06059032002,0,0,0,0
06059063808,0,0,0,0
06059063902,0,0,0,0
06059063903,0,0,0,0
06059063904,0,0,0,0
06059063905,0,0,0,0
06059063906,0,0,0,0
06059063907,0,0,0,0
06059099602,0,0,0,0
06059099603,0,0,0,0
06059099604,0,0,0,0
06059099605,0,0,0,0
06059099701,0,0,0,0
06059086404,0,0,0,0
06059075813,0,0,0,0
06059021903,0,0,0,0
06059011714,0,0,0,0
06059087401,0,0,0,0
06059088702,0,0,0,0
06059089105,0,0,0,0
06059088107,0,0,0,0
06059089102,0,0,0,0
06059087002,0,0,0,0
06059087805,0,0,0,0
06059087101,0,0,0,0
06059099502,0,0,0,0
06059088601,0,0,0,0
06059074005,0,0,0,0
06059074006,0,0,0,0
06059074107,0,0,0,0
06059074200,0,0,0,0
06059074300,0,0,0,0
06059032003,0,0,0,0
06059032020,0,0,0,0
06059032028,0,0,0,0
06059032029,0,0,0,0
06059063908,0,0,0,0
06059074102,0,0,0,0
06059074106,0,0,0,0
06059074108,0,0,0,0
06059074109,0,0,0,0
06059074110,0,0,0,0
06059099702,0,0,0,0
06059099703,0,0,0,0
06059099802,0,0,0,0
06059099803,0,0,0,0
06059021919,0,0,0,0
06059001404,0,0,0,0
06059011720,0,0,0,0
06059001801,0,0,0,0
06059011712,0,0,0,0
06059089106,0,0,0,0
06059086801,0,0,0,0
06059086802,0,0,0,0
06059110003,0,0,0,0
06059087801,0,0,0,0
06059110007,0,0,0,0
06059074403,0,0,0,0
06059074405,0,0,0,0
06059074406,0,0,0,0
06059074407,0,0,0,0
06059074408,0,0,0,0
06059074501,0,0,0,0
06059032030,0,0,0,0
06059042206,0,0,0,0
06059042305,0,0,0,0
06059042307,0,0,0,0
06059042310,0,0,0,0
06059042311,0,0,0,0
06059042312,0,0,0,0
06059074701,0,0,0,0
06059074802,0,0,0,0
06059074803,0,0,0,0
06059074805,0,0,0,0
06059074806,0,0,0,0
06059088802,0,0,0,0
06059075201,0,0,0,0
06059089004,0,0,0,0
06059088502,0,0,0,0
06059088501,0,0,0,0
06059076103,0,0,0,0
06059088402,0,0,0,0
06059032011,0,0,0,0
06059021921,0,0,0,0
06059011708,0,0,0,0
06059001705,0,0,0,0
06059001602,0,0,0,0
06059088302,0,0,0,0
06059021810,0,0,0,0
06059110115,0,0,0,0
06059001101,0,0,0,0
06059086303,0,0,0,0
06059076102,0,0,0,0
06059099903,0,0,0,0
06059099512,0,0,0,0
06059099510,0,0,0,0
06059074502,0,0,0,0
06059074601,0,0,0,0
06059074602,0,0,0,0
06059074801,0,0,0,0
06059074901,0,0,0,0
06059074902,0,0,0,0
06059042313,0,0,0,0
06059042315,0,0,0,0
06059042317,0,0,0,0
06059042319,0,0,0,0
06059042320,0,0,0,0
06059042323,0,0,0,0
06059042324,0,0,0,0
06059042325,0,0,0,0
06059042326,0,0,0,0
06059042327,0,0,0,0
06059088901,0,0,0,0
06059088903,0,0,0,0
06059088904,0,0,0,0
06059088905,0,0,0,0
06059099202,0,0,0,0
06059011721,0,0,0,0
06059021916,0,0,0,0
06059021922,0,0,0,0
06059087106,0,0,0,0
06059001503,0,0,0,0
06059088403,0,0,0,0
06059110111,0,0,0,0
06059087300,0,0,0,0
06059110301,0,0,0,0
06059110110,0,0,0,0
06059099509,0,0,0,0
06059088201,0,0,0,0
06059086803,0,0,0,0
06059088106,0,0,0,0
06059087902,0,0,0,0
06059087803,0,0,0,0
06059075002,0,0,0,0
06059075003,0,0,0,0
06059075004,0,0,0,0
06059075100,0,0,0,0
06059075202,0,0,0,0
06059075303,0,0,0,0
06059042328,0,0,0,0
06059042329,0,0,0,0
06059042330,0,0,0,0
06059042331,0,0,0,0
06059042332,0,0,0,0
06059042333,0,0,0,0
06059099203,0,0,0,0
06059099204,0,0,0,0
06059099212,0,0,0,0
06059099214,0,0,0,0
06059099215,0,0,0,0
06059099216,0,0,0,0
06059087503,0,0,0,0
06059088401,0,0,0,0
06059001507,0,0,0,0
06059021807,0,0,0,0
06059099504,0,0,0,0
06059110304,0,0,0,0
06059011718,0,0,0,0
06059099801,0,0,0,0
06059110605,0,0,0,0
06059087802,0,0,0,0
06059088203,0,0,0,0
06059088104,0,0,0,0
06059088105,0,0,0,0
06059075301,0,0,0,0
06059075401,0,0,0,0
06059075403,0,0,0,0
06059075404,0,0,0,0
06059075405,0,0,0,0
06059075504,0,0,0,0
06059075505,0,0,0,0
06059042334,0,0,0,0
06059042335,0,0,0,0
06059042336,0,0,0,0
06059042337,0,0,0,0
06059042338,0,0,0,0
06059042339,0,0,0,0
06059052410,0,0,0,0
06059052411,0,0,0,0
06059052513,0,0,0,0
06059099217,0,0,0,0
06059099220,0,0,0,0
06059099222,0,0,0,0
06059099223,0,0,0,0
06059099224,0,0,0,0
06059099225,0,0,0,0
06059001402,0,0,0,0
06059001202,0,0,0,0
06059021830,0,0,0,0
06059021817,0,0,0,0
06059001704,0,0,0,0
06059001505,0,0,0,0
06059001903,0,0,0,0
06059088902,0,0,0,0
06059099904,0,0,0,0
06059088101,0,0,0,0
06059110401,0,0,0,0
06059110606,0,0,0,0
06059001707,0,0,0,0
06059001802,0,0,0,0
06059099906,0,0,0,0
06059110604,0,0,0,0
06059110109,0,0,0,0
06059110201,0,0,0,0
06059110015,0,0,0,0
06059110010,0,0,0,0
06059075506,0,0,0,0
06059075507,0,0,0,0
06059075512,0,0,0,0
06059075513,0,0,0,0
06059075514,0,0,0,0
06059075515,0,0,0,0
06059075603,0,0,0,0
06059075604,0,0,0,0
06059075605,0,0,0,0
06059075606,0,0,0,0
06059052514,0,0,0,0
06059052517,0,0,0,0
06059052518,0,0,0,0
06059052519,0,0,0,0
06059052520,0,0,0,0
06059099226,0,0,0,0
06059099227,0,0,0,0
06059099229,0,0,0,0
06059099230,0,0,0,0
06059099231,0,0,0,0
06059088701,0,0,0,0
06059089001,0,0,0,0
06059089003,0,0,0,0
06059021823,0,0,0,0
06059011716,0,0,0,0
06059001301,0,0,0,0
06059001201,0,0,0,0
06059001303,0,0,0,0
06059001304,0,0,0,0
06059086405,0,0,0,0
06059086502,0,0,0,0
06059075809,0,0,0,0
06059099905,0,0,0,0
06059110202,0,0,0,0
06059021824,0,0,0,0
06059110113,0,0,0,0
06059110106,0,0,0,0
06059110014,0,0,0,0
06059075607,0,0,0,0
06059075701,0,0,0,0
06059075702,0,0,0,0
06059075703,0,0,0,0
06059075805,0,0,0,0
06059075806,0,0,0,0
06059075807,0,0,0,0
06059052522,0,0,0,0
06059052523,0,0,0,0
06059062604,0,0,0,0
06059062605,0,0,0,0
06059062610,0,0,0,0
06059062611,0,0,0,0
06059062612,0,0,0,0
06059062614,0,0,0,0
06059099232,0,0,0,0
06059099233,0,0,0,0
06059099234,0,0,0,0
06059099235,0,0,0,0
06059099237,0,0,0,0
06059099238,0,0,0,0
06059001504,0,0,0,0
06059021825,0,0,0,0
06059001902,0,0,0,0
06059011101,0,0,0,0
06059001901,0,0,0,0
06059086701,0,0,0,0
06059011102,0,0,0,0
06059011715,0,0,0,0
06059021812,0,0,0,0
06059076201,0,0,0,0
06059001708,0,0,0,0
06059110303,0,0,0,0
06059086901,0,0,0,0
06059088301,0,0,0,0
06059021809,0,0,0,0
06059110118,0,0,0,0
06059011717,0,0,0,0
06059088001,0,0,0,0
06059087901,0,0,0,0
06059087703,0,0,0,0
06059075808,0,0,0,0
06059075810,0,0,0,0
06059075815,0,0,0,0
06059075816,0,0,0,0
06059062619,0,0,0,0
06059062620,0,0,0,0
06059062621,0,0,0,0
06059062622,0,0,0,0
06059062625,0,0,0,0
06059062626,0,0,0,0
06059062627,0,0,0,0
06059062628,0,0,0,0
06059062629,0,0,0,0
06059062630,0,0,0,0
06059062631,0,0,0,0
06059062632,0,0,0,0
06059062633,0,0,0,0
06059062634,0,0,0,0
06059099239,0,0,0,0
06059099240,0,0,0,0
06059099241,0,0,0,0
06059099242,0,0,0,0
06059099243,0,0,0,0
06059011000,0,0,0,0
06059021827,0,0,0,0
06059021828,0,0,0,0
06059021814,0,0,0,0
06059110607,0,0,0,0
06059088202,0,0,0,0
06059087602,0,0,0,0
06059086406,0,0,0,0
06059011710,0,0,0,0
06059110302,0,0,0,0
06059087806,0,0,0,0
06059086903,0,0,0,0
06059087001,0,0,0,0
06059110117,0,0,0,0
06059021822,0,0,0,0
06059021816,0,0,0,0
06059032031,0,0,0,0
06059075902,0,0,0,0
06059032012,0,0,0,0
06059032013,0,0,0,0
06059032014,0,0,0,0
06059062635,0,0,0,0
06059062636,0,0,0,0
06059062637,0,0,0,0
06059062638,0,0,0,0
06059062639,0,0,0,0
06059099244,0,0,0,0
06059099245,0,0,0,0
06059099246,0,0,0,0
06059099247,0,0,0,0
06059099248,0,0,0,0
06059099249,0,0,0,0
06059099250,0,0,0,0
06059001403,0,0,0,0
06059001401,0,0,0,0
06059001706,0,0,0,0
06059075901,0,0,0,0
06059001501,0,0,0,0
06059001601,0,0,0,0
06059011707,0,0,0,0
06059110500,0,0,0,0
06059110114,0,0,0,0
06059021829,0,0,0,0
06059021820,0,0,0,0
06059087105,0,0,0,0
06059032032,0,0,0,0
06059032033,0,0,0,0
06059032034,0,0,0,0
06059032035,0,0,0,0
06059032036,0,0,0,0
06059032037,0,0,0,0
06059032015,0,0,0,0
06059032022,0,0,0,0
06059032023,0,0,0,0
06059032027,0,0,0,0
06059042103,0,0,0,0
06029001802,0,0,0,0
06029006201,0,0,0,0
06029003900,0,0,0,0
06029001700,0,0,0,0
06029000400,0,0,0,0
06029005300,0,0,0,0
06029005401,0,0,0,0
06029005402,0,0,0,0
06029005403,0,0,0,0
06029005404,0,0,0,0
06029005501,0,0,0,0
06029005506,0,0,0,0
06029005600,0,0,0,0
06029005700,0,0,0,0
06029000908,0,0,0,0
06029006100,0,0,0,0
06029003122,0,0,0,0
06029005104,0,0,0,0
06029000907,0,0,0,0
06029002821,0,0,0,0
06029002820,0,0,0,0
06029004601,0,0,0,0
06029003805,0,0,0,0
06029000506,0,0,0,0
06029003113,0,0,0,0
06029003806,0,0,0,0
06029006003,0,0,0,0
06029000906,0,0,0,0
06029006301,0,0,0,0
06029003810,0,0,0,0
06029004102,0,0,0,0
06029002816,0,0,0,0
06029003811,0,0,0,0
06029002804,0,0,0,0
06029002818,0,0,0,0
06029000504,0,0,0,0
06029004800,0,0,0,0
06029004000,0,0,0,0
06029004902,0,0,0,0
06029000503,0,0,0,0
06029004101,0,0,0,0
06029003803,0,0,0,0
06029003813,0,0,0,0
06029004302,0,0,0,0
06029003114,0,0,0,0
06029001801,0,0,0,0
06029005201,0,0,0,0
06029004200,0,0,0,0
06029000902,0,0,0,0
06029004402,0,0,0,0
06029004500,0,0,0,0
06029000200,0,0,0,0
06029002819,0,0,0,0
06029003202,0,0,0,0
06029003103,0,0,0,0
06029003115,0,0,0,0
06029001101,0,0,0,0
06029002817,0,0,0,0
06029003124,0,0,0,0
06029002600,0,0,0,0
06029002100,0,0,0,0
06029002200,0,0,0,0
06029002806,0,0,0,0
06029000600,0,0,0,0
06029002808,0,0,0,0
06029001902,0,0,0,0
06029002000,0,0,0,0
06029002700,0,0,0,0
06029003123,0,0,0,0
06029003112,0,0,0,0
06029001600,0,0,0,0
06029002302,0,0,0,0
06029000909,0,0,0,0
06029005900,0,0,0,0
06029006500,0,0,0,0
06029003205,0,0,0,0
06029006303,0,0,0,0
06029005507,0,0,0,0
06029005003,0,0,0,0
06029004603,0,0,0,0
06029006006,0,0,0,0
06029006403,0,0,0,0
06029006404,0,0,0,0
06029005801,0,0,0,0
06029005802,0,0,0,0
06029005508,0,0,0,0
06029005203,0,0,0,0
06029005204,0,0,0,0
06029004701,0,0,0,0
06029004702,0,0,0,0
06029005004,0,0,0,0
06029004604,0,0,0,0
06029006008,0,0,0,0
06029006304,0,0,0,0
06029003305,0,0,0,0
06029006007,0,0,0,0
06029003306,0,0,0,0
06029003206,0,0,0,0
06029004401,0,0,0,0
06029004301,0,0,0,0
06029002814,0,0,0,0
06029002815,0,0,0,0
06029000800,0,0,0,0
06029001901,0,0,0,0
06029003804,0,0,0,0
06029001400,0,0,0,0
06029002813,0,0,0,0
06029000700,0,0,0,0
06029000102,0,0,0,0
06029000903,0,0,0,0
06029000505,0,0,0,0
06029002500,0,0,0,0
06029002900,0,0,0,0
06029003000,0,0,0,0
06029003121,0,0,0,0
06029003812,0,0,0,0
06029003807,0,0,0,0
06029002812,0,0,0,0
06029002400,0,0,0,0
06029000910,0,0,0,0
06029001201,0,0,0,0
06029001102,0,0,0,0
06029001103,0,0,0,0
06029003400,0,0,0,0
06029004901,0,0,0,0
06029003203,0,0,0,0
06029002301,0,0,0,0
06029001000,0,0,0,0
06029000904,0,0,0,0
06029000905,0,0,0,0
06029001202,0,0,0,0
06029001300,0,0,0,0
06029001500,0,0,0,0
06029006002,0,0,0,0
06029002811,0,0,0,0
06029000507,0,0,0,0
06029005103,0,0,0,0
06029006401,0,0,0,0
06029006202,0,0,0,0
06029006004,0,0,0,0
06029002807,0,0,0,0
06029003808,0,0,0,0
06029003809,0,0,0,0
06029003304,0,0,0,0
06029003500,0,0,0,0
06029003600,0,0,0,0
06029003700,0,0,0,0
06029003303,0,0,0,0
06029003204,0,0,0,0
06029000300,0,0,0,0
06029000101,0,0,0,0
06073002702,0,0,0,0
06073002710,0,0,0,0
06073002707,0,0,0,0
06073002705,0,0,0,0
06073002202,0,0,0,0
06073002601,0,0,0,0
06073008352,0,0,0,0
06073008353,0,0,0,0
06073008354,0,0,0,0
06073008355,0,0,0,0
06073008356,0,0,0,0
06073018000,0,0,0,0
06073018100,0,0,0,0
06073018200,0,0,0,0
06073018300,0,0,0,0
06073019106,0,0,0,0
06073019107,0,0,0,0
06073019203,0,0,0,0
06073019205,0,0,0,0
06073019206,0,0,0,0
06073019207,0,0,0,1
06073019208,0,0,0,1
06073019301,0,0,0,0
06073009102,0,0,0,0
06073008800,0,0,0,0
06073009103,0,0,0,0
06073009201,0,0,0,0
06073009000,0,0,0,0
06073007907,0,0,0,0
06073007702,0,0,0,0
06073007701,0,0,0,0
06073003305,0,0,0,0
06073002712,0,0,0,0
06073009802,0,0,0,0
06073002804,0,0,0,0
06073000500,0,0,0,0
06073007200,0,0,0,0
06073013702,0,0,0,0
06073010200,0,0,0,0
06073002302,0,0,0,0
06073002703,0,0,0,0
06073002002,0,0,0,0
06073002001,0,0,0,0
06073008357,0,0,0,0
06073008358,0,0,0,0
06073008359,0,0,0,0
06073008360,0,0,0,0
06073009101,0,0,0,0
06073018400,0,0,0,0
06073018504,0,0,0,0
06073018507,0,0,0,0
06073018509,0,0,0,0
06073018510,0,0,0,0
06073018511,0,0,0,0
06073018512,0,0,0,0
06073018513,0,0,0,0
06073018514,0,0,0,0
06073019302,0,0,0,0
06073019303,0,0,0,0
06073019403,0,0,0,0
06073019404,0,0,0,0
06073019405,0,0,0,0
06073019406,0,0,0,0
06073019501,0,0,0,0
06073000202,0,0,0,0
06073021205,0,0,0,0
06073020309,0,0,0,0
06073020308,0,0,0,0
06073020214,0,0,0,0
06073020213,0,0,0,0
06073020029,0,0,0,0
06073019809,0,0,0,0
06073013306,0,0,0,0
06073013505,0,0,0,0
06073009901,0,0,0,0
06073014602,0,0,0,0
06073010005,0,0,0,0
06073008512,0,0,0,0
06073008502,0,0,0,0
06073002100,0,0,0,0
06073002402,0,0,0,0
06073004100,0,0,0,0
06073002201,0,0,0,0
06073002401,0,0,0,0
06073001600,0,0,0,0
06073009104,0,0,0,0
06073009400,0,0,0,0
06073009502,0,0,0,0
06073009504,0,0,0,0
06073009505,0,0,0,0
06073009506,0,0,0,0
06073009507,0,0,0,0
06073009509,0,0,0,0
06073009602,0,0,0,0
06073009604,0,0,0,0
06073018515,0,0,0,0
06073018516,0,0,0,0
06073018517,0,0,0,0
06073018518,0,0,0,0
06073019502,0,0,0,0
06073019503,0,0,0,0
06073019601,0,0,0,0
06073019602,0,0,0,0
06073019701,0,0,0,0
06073019702,0,0,0,0
06073019803,0,0,0,0
06073019804,0,0,0,0
06073019805,0,0,0,0
06073019806,0,0,0,0
06073019902,0,0,0,0
06073019903,0,0,0,0
06073019904,0,0,0,0
06073019905,0,0,0,0
06073020013,0,0,0,0
06073020014,0,0,0,0
06073020015,0,0,0,0
06073020016,0,0,0,0
06073020017,0,0,0,0
06073018614,0,0,0,0
06073017056,0,0,1,1
06073017055,0,0,1,1
06073017052,0,0,1,1
06073008507,0,0,0,0
06073013417,0,0,0,0
06073009107,0,0,0,0
06073021100,0,0,0,0
06073008509,0,0,0,0
06073002501,0,0,0,0
06073001300,0,0,0,0
06073001200,0,0,0,0
06073004300,0,0,0,0
06073001700,0,0,0,0
06073001400,0,0,0,0
06073009703,0,0,0,0
06073009704,0,0,0,0
06073009705,0,0,0,0
06073009706,0,0,0,0
06073009801,0,0,0,0
06073009804,0,0,0,0
06073009805,0,0,0,0
06073020018,0,0,0,0
06073020019,0,0,0,0
06073020020,0,0,0,0
06073020021,0,0,0,0
06073020022,0,0,0,0
06073020023,0,0,0,0
06073020024,0,0,0,0
06073020025,0,0,0,0
06073020103,0,0,0,0
06073020105,0,0,0,0
06073007501,0,0,0,0
06073007502,0,0,0,0
06073007600,0,0,0,0
06073007800,0,0,0,0
06073007903,0,0,0,0
06073008002,0,0,0,0
06073008101,0,0,0,0
06073008102,0,0,0,0
06073014002,0,0,0,0
06073011700,0,0,0,0
06073012003,0,0,0,0
06073002709,0,0,0,0
06073001800,0,0,0,0
06073001500,0,0,0,0
06073001000,0,0,0,0
06073005600,0,0,0,0
06073010012,0,0,0,0
06073002301,0,0,0,0
06073014804,0,0,0,0
06073016201,0,0,0,0
06073016401,0,0,0,0
06073016502,0,0,0,0
06073016605,0,0,0,0
06073016606,0,0,0,0
06073016607,0,0,0,0
06073020106,0,0,0,0
06073020107,0,0,0,0
06073020108,0,0,0,0
06073020109,0,0,0,0
06073020202,0,0,0,0
06073020206,0,0,0,0
06073008200,0,0,0,0
06073008301,0,0,0,0
06073008303,0,0,0,0
06073008305,0,0,0,0
06073008306,0,0,0,0
06073008307,0,0,0,0
06073008310,0,0,0,0
06073008311,0,0,0,0
06073008312,0,0,0,0
06073008313,0,0,0,0
06073008324,0,0,0,0
06073003103,0,0,0,0
06073003101,0,0,0,0
06073008600,0,0,0,0
06073006300,0,0,0,0
06073013309,0,0,0,0
06073002708,0,0,0,0
06073003213,0,0,0,0
06073013000,0,0,0,0
06073016100,0,0,0,0
06073016608,0,0,0,0
06073016609,0,0,0,0
06073016610,0,0,0,0
06073016612,0,0,0,0
06073016613,0,0,0,0
06073020207,0,0,0,0
06073020208,0,0,0,0
06073020209,0,0,0,0
06073020210,0,0,0,0
06073020211,0,0,0,0
06073020304,0,0,0,0
06073020305,0,0,0,0
06073020306,0,0,0,0
06073020307,0,0,0,0
06073020401,0,0,0,1
06073020403,0,0,0,0
06073020404,0,0,0,0
06073020405,0,0,0,0
06073020500,0,0,0,0
06073008327,0,0,0,0
06073008328,0,0,0,0
06073008329,0,0,0,0
06073008330,0,0,0,0
06073008331,0,0,0,0
06073008333,0,0,0,0
06073008335,0,0,0,1
06073008336,0,0,0,1
06073003202,0,0,0,0
06073013412,0,0,0,0
06073003115,0,0,0,0
06073006802,0,0,0,0
06073013204,0,0,0,0
06073013504,0,0,0,0
06073010110,0,0,0,0
06073008503,0,0,0,0
06073002502,0,0,0,0
06073015902,0,0,0,0
06073015200,0,0,0,0
06073015000,0,0,0,0
06073013601,0,0,0,0
06073002904,0,0,0,0
06073016614,0,0,0,0
06073016615,0,0,0,0
06073016616,0,0,0,0
06073016617,0,0,0,0
06073016701,0,0,0,0
06073016702,0,0,0,0
06073016802,0,0,0,0
06073016804,0,0,0,0
06073016806,0,0,0,0
06073016807,0,0,0,0
06073016809,0,0,0,0
06073020601,0,0,0,0
06073020602,0,0,0,0
06073020705,0,0,0,0
06073020706,0,0,0,0
06073020707,0,0,0,0
06073020708,0,0,0,0
06073020709,0,0,0,0
06073020710,0,0,0,0
06073020801,0,0,0,0
06073020805,0,0,0,0
06073020806,0,0,0,0
06073020807,0,0,0,0
06073020809,0,0,0,0
06073020903,0,0,0,0
06073020904,0,0,0,0
06073021000,0,0,0,0
06073008337,0,0,0,1
06073008339,0,0,0,0
06073008340,0,0,0,0
06073008501,0,0,0,0
06073009603,0,0,0,0
06073008511,0,0,0,0
06073013906,0,0,0,0
06073014101,0,0,0,0
06073000700,0,0,0,0
06073016000,0,0,0,0
06073002803,0,0,0,0
06073007302,0,0,0,0
06073015502,0,0,0,0
06073012304,0,0,0,0
06073014500,0,0,0,0
06073014102,0,0,0,0
06073013311,0,0,0,1
06073000800,0,0,0,0
06073000900,0,0,0,0
06073016810,0,0,0,0
06073016811,0,0,0,0
06073016901,0,0,0,0
06073016902,0,0,0,0
06073017006,0,0,1,1
06073017009,0,0,0,1
06073017010,0,0,0,0
06073013312,0,0,0,0
06073013415,0,0,0,0
06073013908,0,0,0,0
06073013905,0,0,0,0
06073013907,0,0,0,0
06073010111,0,0,0,0
06073013103,0,0,0,0
06073010106,0,0,0,0
06073010107,0,0,0,0
06073012800,0,0,0,0
06073014001,0,0,0,0
06073002801,0,0,0,0
06073010004,0,0,0,0
06073010003,0,0,0,0
06073015100,0,0,0,0
06073004200,0,0,0,0
06073011100,0,0,0,0
06073003204,0,0,0,0
06073012700,0,0,0,0
06073010104,0,0,0,0
06073015405,0,0,0,0
06073017014,0,0,1,1
06073017015,0,0,1,1
06073017018,0,0,1,1
06073017019,0,0,0,1
06073017020,0,0,0,1
06073017021,0,0,0,1
06073017022,0,0,0,0
06073017029,0,0,1,1
06073017030,0,0,1,1
06073017031,0,0,1,1
06073017032,1,1,1,1
06073017033,0,0,1,1
06073003108,0,0,0,0
06073013802,0,0,0,0
06073003105,0,0,0,0
06073010013,0,0,0,0
06073013303,0,0,0,0
06073010112,0,0,0,0
06073014200,0,0,0,0
06073011601,0,0,0,0
06073011801,0,0,0,0
06073003502,0,0,0,0
06073003501,0,0,0,0
06073003301,0,0,0,0
06073003111,0,0,0,0
06073010103,0,0,0,0
06073009304,0,0,0,0
06073001100,0,0,0,0
06073000600,0,0,0,0
06073009202,0,0,0,0
06073008702,0,0,0,0
06073008701,0,0,0,0
06073003107,0,0,0,0
06073021204,0,0,0,0
06073015601,0,0,0,0
06073021202,0,0,0,0
06073020902,0,0,0,0
06073003113,0,0,0,0
06073013418,0,0,0,1
06073013606,0,0,0,0
06073017034,1,1,1,1
06073017035,0,0,1,1
06073017036,0,0,0,1
06073017037,0,0,0,1
06073010001,0,0,0,0
06073013203,0,0,0,0
06073012402,0,0,0,0
06073010402,0,0,0,0
06073012900,0,0,0,0
06073013313,0,0,0,1
06073013310,0,0,0,1
06073013314,0,0,1,1
06073010014,0,0,1,1
06073009511,0,0,0,0
06073008366,0,0,0,0
06073008365,0,0,0,0
06073008364,0,0,0,0
06073008363,0,0,0,0
06073017053,0,0,0,1
06073003901,0,0,0,0
06073013903,0,0,0,0
06073014400,0,0,0,0
06073012302,0,0,0,0
06073003401,0,0,0,0
06073008513,0,0,0,0
06073013414,0,0,0,0
06073008510,0,0,0,0
06073008505,0,0,0,0
06073013205,0,0,0,0
06073008504,0,0,0,0
06073007100,0,0,0,0
06073010401,0,0,0,0
06073010011,0,0,0,0
06073014601,0,0,0,0
06073010010,0,0,0,0
06073013301,0,0,0,0
06073010502,0,0,0,0
06073017039,0,0,0,1
06073017040,0,0,0,1
06073017041,0,0,0,1
06073017042,0,0,0,1
06073017043,0,0,0,0
06073017044,0,0,0,0
06073017045,0,0,0,0
06073017046,0,0,0,0
06073017047,0,0,0,0
06073017048,0,0,0,1
06073017049,0,0,0,0
06073003214,0,0,0,0
06073012600,0,0,0,0
06073003114,0,0,0,0
06073013401,0,0,0,0
06073014806,0,0,0,0
06073014805,0,0,0,0
06073007908,0,0,0,0
06073003304,0,0,0,0
06073002711,0,0,0,0
06073003800,0,0,0,0
06073011602,0,0,0,0
06073013506,0,0,0,0
06073013416,0,0,0,0
06073004501,0,0,0,0
06073013909,0,0,0,0
06073007002,0,0,0,0
06073013307,0,0,0,0
06073006500,0,0,0,0
06073005800,0,0,0,0
06073013503,0,0,0,0
06073013104,0,0,0,0
06073013308,0,0,0,0
06073011300,0,0,0,0
06073012303,0,0,0,0
06073000100,0,0,0,0
06073013701,0,0,0,0
06073012101,0,0,0,0
06073013801,0,0,0,0
06073008506,0,0,0,0
06073021302,1,1,1,1
06073017050,0,0,1,1
06073017104,0,0,0,0
06073017106,0,0,0,0
06073017107,0,0,0,0
06073012102,0,0,0,0
06073010009,0,0,0,0
06073003603,0,0,0,0
06073003602,0,0,0,0
06073003404,0,0,0,0
06073004800,0,0,0,0
06073000201,0,0,0,0
06073017054,0,0,1,1
06073014902,0,0,0,0
06073007910,0,0,0,0
06073007905,0,0,0,0
06073990100,0,0,0,0
06073017813,0,0,0,0
06073017110,0,0,0,1
06073017109,0,0,0,0
06073017051,0,0,1,1
06073021500,0,0,0,0
06073021206,0,0,0,0
06073020811,0,0,0,0
06073010900,0,0,0,0
06073012200,0,0,0,0
06073005100,0,0,0,0
06073005300,0,0,0,0
06073006000,0,0,0,0
06073003601,0,0,0,0
06073003902,0,0,0,0
06073004900,0,0,0,0
06073004600,0,0,0,0
06073007301,0,0,0,0
06073002905,0,0,0,0
06073003212,0,0,0,0
06073010501,0,0,0,0
06073003208,0,0,0,0
06073002903,0,0,0,0
06073017108,0,0,0,0
06073017200,0,0,0,0
06073017303,0,0,0,0
06073017304,0,0,0,0
06073002602,0,0,0,0
06073004700,0,0,0,0
06073010800,0,0,0,0
06073005500,0,0,0,0
06073000300,0,0,0,0
06073000400,0,0,0,0
06073016504,0,0,0,0
06073016503,0,0,0,0
06073014901,0,0,0,0
06073019808,0,0,0,0
06073013421,0,0,0,0
06073013420,0,0,0,0
06073006900,0,0,0,0
06073010300,0,0,0,0
06073005700,0,0,0,0
06073006200,0,0,0,0
06073015704,0,0,0,0
06073012002,0,0,0,0
06073008902,0,0,0,0
06073006100,0,0,0,0
06073003109,0,0,0,0
06073004000,0,0,0,0
06073003403,0,0,0,0
06073001900,0,0,0,0
06073003207,0,0,0,0
06073009902,0,0,0,0
06073010601,0,0,0,0
06073013410,0,0,0,0
06073021304,1,1,1,1
06073012401,0,0,0,0
06073011902,0,0,0,0
06073013409,0,0,0,0
06073005200,0,0,0,0
06073021303,0,0,0,1
06073013419,0,0,1,1
06073015403,0,0,0,0
06073017305,0,0,0,0
06073017306,0,0,0,0
06073017401,0,0,0,0
06073017403,0,0,0,0
06073017404,0,0,0,0
06073017501,0,0,0,0
06073005900,0,0,0,0
06073006600,0,0,0,0
06073013102,0,0,0,0
06073013302,0,0,0,0
06073006801,0,0,0,0
06073012502,0,0,0,0
06073012501,0,0,0,0
06073009510,0,0,0,0
06073018613,0,0,0,0
06073020028,0,0,0,0
06073020026,0,0,0,0
06073013206,0,0,0,0
06073003004,0,0,0,0
06073010109,0,0,0,0
06073007400,0,0,0,0
06073015501,0,0,0,0
06073015602,0,0,0,0
06073005000,0,0,0,0
06073016402,0,0,0,0
06073009106,0,0,0,0
06073003201,0,0,0,0
06073009301,0,0,0,0
06073003112,0,0,0,0
06073011000,0,0,0,0
06073011802,0,0,0,0
06073014300,0,0,0,0
06073008341,0,0,0,0
06073008343,0,0,0,0
06073017502,0,0,0,0
06073017601,0,0,0,0
06073017603,0,0,0,0
06073017604,0,0,0,0
06073017701,0,0,0,0
06073017702,0,0,0,0
06073018519,0,0,0,0
06073018601,0,0,0,0
06073018603,0,0,0,0
06073018608,0,0,0,0
06073015404,0,0,0,0
06073015301,0,0,0,0
06073015701,0,0,0,0
06073016301,0,0,0,0
06073015703,0,0,0,0
06073015901,0,0,0,0
06073009306,0,0,0,0
06073009305,0,0,0,0
06073008362,0,0,0,0
06073008361,0,0,0,0
06073008006,0,0,0,0
06073013604,0,0,0,0
06073013411,0,0,0,0
06073003303,0,0,0,0
06073016302,0,0,0,0
06073015802,0,0,0,0
06073013605,0,0,0,0
06073015302,0,0,0,0
06073014803,0,0,0,0
06073002902,0,0,0,0
06073003209,0,0,0,0
06073003211,0,0,0,0
06073004400,0,0,0,0
06073014700,0,0,0,0
06073008344,0,0,0,0
06073008345,0,0,0,0
06073008346,0,0,0,0
06073008347,0,0,0,0
06073008348,0,0,0,0
06073008349,0,0,0,0
06073008350,0,0,0,0
06073008351,0,0,0,0
06073017801,0,0,0,0
06073017808,0,0,0,0
06073017809,0,0,0,0
06073017810,0,0,0,0
06073017811,0,0,0,0
06073017900,0,0,0,0
06073018609,0,0,0,0
06073018610,0,0,0,0
06073018611,0,0,0,0
06073018612,0,0,0,0
06073018700,0,0,0,0
06073018801,0,0,0,1
06073018802,1,1,1,1
06073018803,1,1,1,1
06073018903,0,0,0,0
06073018904,0,0,0,0
06073018905,0,0,0,1
06073018906,0,0,0,1
06073019001,0,0,1,1
06073019002,1,1,1,1
06073019101,1,1,1,1
06073019103,0,0,1,1
06073019105,0,0,0,1
06073015801,0,0,0,0
06073016202,0,0,0,0
06073003001,0,0,0,0
06073005400,0,0,0,0
06073015406,0,0,0,0
06073008901,0,0,0,0
06073003003,0,0,0,0
06073008003,0,0,0,0
06073021900,0,0,0,0
06073020810,0,0,0,0
06073020027,0,0,0,0
06073010015,0,0,1,1
06073022100,0,0,0,0
06073022000,0,0,0,0
06073021800,0,0,0,0
06073021600,0,0,0,0
06073021400,0,0,0,0
06079010504,0,0,0,0
06079010503,0,0,0,0
06079010602,0,0,0,0
06079010707,0,0,0,0
06079011504,0,0,0,0
06079010002,0,0,0,0
06079010016,0,0,0,0
06079010102,0,0,0,0
06079012302,0,0,0,0
06079011101,0,0,0,0
06079012704,0,0,0,0
06079011103,0,0,0,0
06079011102,0,0,0,0
06079010901,0,0,0,0
06079011600,0,0,0,0
06079011400,0,0,0,0
06079011300,0,0,0,0
06079011200,0,0,0,0
06079011501,0,0,0,0
06079012401,0,0,0,0
06079010300,0,0,0,0
06079010202,0,0,0,0
06079010701,0,0,0,0
06079010902,0,0,0,0
06079012502,0,0,0,0
06079012800,0,0,0,0
06079012702,0,0,0,0
06079012600,0,0,0,0
06079012503,0,0,0,0
06079011901,0,0,0,0
06079012402,0,0,0,0
06079010703,0,0,0,0
06079012200,0,0,0,0
06079012000,0,0,0,0
06079011902,0,0,0,0
06079011800,0,0,0,0
06079010201,0,0,0,0
06079012102,0,0,0,0
06079012900,0,0,0,0
06079013000,0,0,0,0
06079990000,0,0,0,0
06079011001,0,0,0,0
06079010101,0,0,0,0
06079011704,0,0,0,0
06079011701,0,0,0,0
06079012304,0,0,0,0
06079011002,0,0,0,0
06079011503,0,0,0,0
06079010603,0,0,0,0
06079010404,0,0,0,0
06079012505,0,0,0,0
06079010204,0,0,0,0
06079010205,0,0,0,0
06079010403,0,0,0,0
06071009908,0,0,0,0
06071009910,0,0,0,0
06071009118,0,0,0,0
06071009911,0,0,0,0
06071009906,0,0,0,0
06071009108,0,0,0,0
06071009110,0,0,0,0
06071009904,0,0,0,0
06071009905,0,0,0,0
06071009117,0,0,0,0
06071012104,0,0,0,0
06071008709,0,0,0,0
06071010424,0,0,0,0
06071011404,0,0,0,0
06071011206,0,0,0,0
06071025100,0,0,0,0
06071012500,0,0,0,0
06071012400,0,0,0,0
06071005701,0,0,0,0
06071012700,0,0,0,0
06071025000,0,0,0,0
06071011101,0,0,0,0
06071011203,0,0,0,0
06071011403,0,0,0,0
06071010901,0,0,0,0
06071009116,0,0,0,0
06071009114,0,0,0,0
06071009112,0,0,0,0
06071007305,0,0,0,0
06071004505,0,0,0,0
06071004603,0,0,0,0
06071004301,0,0,0,0
06071003611,0,0,0,0
06071003609,0,0,0,0
06071003605,0,0,0,0
06071003404,0,0,0,0
06071009201,0,0,0,0
06071003509,0,0,0,0
06071002705,0,0,0,0
06071002703,0,0,0,0
06071002604,0,0,0,0
06071002031,0,0,0,0
06071002035,0,0,0,0
06071002025,0,0,0,0
06071002029,0,0,0,0
06071002015,0,0,0,0
06071001812,0,0,0,0
06071001808,0,0,0,0
06071001806,0,0,0,0
06071001804,0,0,0,0
06071001101,0,0,0,0
06071002101,0,0,0,0
06071002013,0,0,0,0
06071001810,0,0,0,0
06071001704,0,0,0,0
06071000605,0,0,0,0
06071001901,0,0,0,0
06071000903,0,0,0,0
06071000821,0,0,0,0
06071002801,0,0,0,0
06071007603,0,0,0,0
06071010419,0,0,0,0
06071008601,0,0,0,0
06071000115,0,0,0,0
06071000113,0,0,0,0
06071011204,0,0,0,0
06071011401,0,0,0,0
06071011205,0,0,0,0
06071010803,0,0,0,0
06071001311,0,0,0,0
06071010421,0,0,0,0
06071010423,0,0,0,0
06071010420,0,0,0,0
06071010417,0,0,0,0
06071010422,0,0,0,0
06071009912,0,0,0,0
06071010025,0,0,0,0
06071010026,0,0,0,0
06071009913,0,0,0,0
06071012103,0,0,0,0
06071012101,0,0,0,0
06071012001,0,0,0,0
06071012002,0,0,0,0
06071010010,0,0,0,0
06071009708,0,0,0,0
06071011700,0,0,0,0
06071011600,0,0,0,0
06071009707,0,0,0,0
06071009500,0,0,0,0
06071012200,0,0,0,0
06071000107,0,0,0,0
06071000104,0,0,0,0
06071000105,0,0,0,0
06071000108,0,0,0,0
06071000109,0,0,0,0
06071000301,0,0,0,0
06071002110,0,0,0,0
06071002036,0,0,0,0
06071002103,0,0,0,0
06071002027,0,0,0,0
06071002016,0,0,0,0
06071000901,0,0,0,0
06071000303,0,0,0,0
06071000401,0,0,0,0
06071001200,0,0,0,0
06071001600,0,0,0,0
06071001702,0,0,0,0
06071001703,0,0,0,0
06071001803,0,0,0,0
06071000816,0,0,0,0
06071002017,0,0,0,0
06071002021,0,0,0,0
06071002022,0,0,0,0
06071002706,0,0,0,0
06071009119,0,0,0,0
06071009109,0,0,0,0
06071000814,0,0,0,0
06071002011,0,0,0,0
06071009202,0,0,0,0
06071001706,0,0,0,0
06071001707,0,0,0,0
06071001400,0,0,0,0
06071002010,0,0,0,0
06071000804,0,0,0,0
06071000201,0,0,0,0
06071000304,0,0,0,0
06071008710,0,0,0,0
06071008602,0,0,0,0
06071007903,0,0,0,0
06071007904,0,0,0,0
06071007409,0,0,0,0
06071007410,0,0,0,0
06071000603,0,0,0,0
06071000501,0,0,0,0
06071000604,0,0,0,0
06071001906,0,0,0,0
06071002206,0,0,0,0
06071000808,0,0,0,0
06071000812,0,0,0,0
06071008901,0,0,0,0
06071002301,0,0,0,0
06071002402,0,0,0,0
06071002401,0,0,0,0
06071002501,0,0,0,0
06071007604,0,0,0,0
06071007306,0,0,0,0
06071006601,0,0,0,0
06071006203,0,0,0,0
06071006204,0,0,0,0
06071011102,0,0,0,0
06071011001,0,0,0,0
06071001312,0,0,0,0
06071001504,0,0,0,0
06071000207,0,0,0,0
06071001001,0,0,0,0
06071000205,0,0,0,0
06071000208,0,0,0,0
06071002502,0,0,0,0
06071002602,0,0,0,0
06071002901,0,0,0,0
06071005400,0,0,0,0
06071006100,0,0,0,0
06071006301,0,0,0,0
06071007109,0,0,0,0
06071007303,0,0,0,0
06071007110,0,0,0,0
06071000503,0,0,0,0
06071001002,0,0,0,0
06071000823,0,0,0,0
06071000825,0,0,0,0
06071001104,0,0,0,0
06071000904,0,0,0,0
06071000818,0,0,0,0
06071000824,0,0,0,0
06071006401,0,0,0,0
06071006302,0,0,0,0
06071006402,0,0,0,0
06071007000,0,0,0,0
06071006500,0,0,0,0
06071006700,0,0,0,0
06071004509,0,0,0,0
06071011002,0,0,0,0
06071010804,0,0,0,0
06071010902,0,0,0,0
06071004507,0,0,0,0
06071004510,0,0,0,0
06071004604,0,0,0,0
06071004404,0,0,0,0
06071004403,0,0,0,0
06071000826,0,0,0,0
06071000203,0,0,0,0
06071000820,0,0,0,0
06071000819,0,0,0,0
06071002014,0,0,0,0
06071001903,0,0,0,0
06071000116,0,0,0,0
06071007107,0,0,0,0
06071007106,0,0,0,0
06071007104,0,0,0,0
06071007200,0,0,0,0
06071007302,0,0,0,1
06071007403,0,0,0,0
06071006603,0,0,0,0
06071006604,0,0,0,0
06071003801,0,0,0,0
06071003803,0,0,0,0
06071004302,0,0,0,0
06071000813,0,0,0,0
06071000117,0,0,0,0
06071000606,0,0,0,0
06071000504,0,0,0,0
06071000118,0,0,0,0
06071000817,0,0,0,0
06071000815,0,0,0,0
06071000403,0,0,0,0
06071007404,0,0,0,0
06071007407,0,0,0,0
06071007408,0,0,0,0
06071007601,0,0,0,0
06071980100,0,0,0,0
06071007901,0,0,0,0
06071008301,0,0,0,0
06071010402,0,0,0,0
06071010411,0,0,0,0
06071010415,0,0,0,0
06071010412,0,0,0,0
06071003804,0,0,0,0
06071003607,0,0,0,0
06071004103,0,0,0,0
06071004001,0,0,0,0
06071004003,0,0,0,0
06071000404,0,0,0,0
06071002902,0,0,0,0
06071003000,0,0,0,0
06071003200,0,0,0,0
06071003700,0,0,0,0
06071007105,0,0,0,0
06071008704,0,0,0,0
06071008705,0,0,0,0
06071008706,0,0,0,0
06071009300,0,0,0,0
06071008708,0,0,0,0
06071008800,0,0,0,0
06071000111,0,0,0,0
06071010802,0,0,0,0
06071010413,0,0,0,0
06071010416,0,0,0,0
06071008703,0,0,0,0
06071010410,0,0,0,0
06071011500,0,0,0,0
06071010012,0,0,0,0
06071010409,0,0,0,0
06071000103,0,0,0,0
06071010700,0,0,0,0
06071011300,0,0,0,0
06071003612,0,0,0,0
06071004004,0,0,0,0
06071003606,0,0,0,0
06071003302,0,0,0,0
06071003101,0,0,0,0
06071003301,0,0,0,0
06071002803,0,0,0,0
06071003102,0,0,0,0
06071007108,0,0,0,0
06071012300,0,0,0,0
06071002204,0,0,0,0
06071008001,0,0,0,0
06071007800,0,0,0,0
06071008100,0,0,0,0
06071008200,0,0,0,0
06071010300,0,0,0,0
06071002804,0,0,0,0
06071003405,0,0,0,0
06071003603,0,0,0,0
06071003510,0,0,0,0
06071003507,0,0,0,0
06071003503,0,0,0,0
06071003505,0,0,0,0
06071008002,0,0,0,0
06071008302,0,0,0,1
06071008402,0,0,0,0
06071008401,0,0,0,0
06071008403,0,0,0,0
06071008404,0,0,0,0
06071008500,0,0,0,1
06071002601,0,0,0,0
06071003401,0,0,0,0
06071003506,0,0,0,0
06071002306,0,0,0,0
06071002307,0,0,0,0
06071002606,0,0,0,0
06071002607,0,0,0,0
06071003403,0,0,0,0
06071003900,0,0,0,0
06071004202,0,0,0,0
06071004201,0,0,0,0
06071004401,0,0,0,0
06071002207,0,0,0,0
06071002704,0,0,0,0
06071004104,0,0,0,0
06071004101,0,0,0,0
06071004503,0,0,0,0
06071006201,0,0,0,0
06071004504,0,0,0,0
06071004601,0,0,0,0
06071004700,0,0,0,0
06071004800,0,0,0,0
06071004900,0,0,0,0
06071005100,0,0,0,0
06071002304,0,0,0,0
06071002305,0,0,0,0
06071002038,0,0,0,0
06071002037,0,0,0,0
06071002107,0,0,0,0
06071002019,0,0,0,0
06071005200,0,0,0,0
06071005300,0,0,0,0
06071005500,0,0,0,0
06071005600,0,0,0,0
06071005800,0,0,0,0
06071980200,0,0,0,0
06071002018,0,0,0,0
06071002023,0,0,0,0
06071002033,0,0,0,0
06071002034,0,0,0,0
06071001905,0,0,0,0
06071001809,0,0,0,0
06071009710,0,0,0,0
06071009714,0,0,0,0
06071009717,0,0,0,0
06071009800,0,0,0,0
06071011900,0,0,0,0
06071009107,0,0,0,0
06071940100,0,0,0,0
06071009709,0,0,0,0
06071009716,0,0,0,0
06071009712,0,0,0,0
06071009715,0,0,0,0
06071009713,0,0,0,0
06071011800,0,0,0,0
06071009711,0,0,0,0
06071010011,0,0,0,0
06071001813,0,0,0,0
06071001307,0,0,0,0
06071001503,0,0,0,0
06071001103,0,0,0,0
06071001501,0,0,0,0
06071001310,0,0,0,0
06071010013,0,0,0,0
06071010018,0,0,0,0
06071010014,0,0,0,0
06071010015,0,0,0,0
06071001305,0,0,0,0
06071001309,0,0,0,0
06071001308,0,0,0,0
06071002028,0,0,0,0
06071002105,0,0,0,0
06071002109,0,0,0,0
06071010016,0,0,0,0
06071010017,0,0,0,0
06071010019,0,0,0,0
06071010021,0,0,0,0
06071010022,0,0,0,0
06071010023,0,0,0,0
06071010020,0,0,0,0
06071009400,0,0,0,0
06071010009,0,0,0,0
06071010004,0,0,0,0
06071010024,0,0,0,0
06065042012,0,0,0,0
06065041911,0,0,0,0
06065041910,0,0,0,0
06065040816,0,0,0,0
06065040815,0,0,0,0
06065040814,0,0,0,0
06065040813,0,0,0,1
06065040812,0,0,0,0
06065040616,0,0,0,1
06065042728,0,0,0,0
06065042724,0,0,0,0
06065042624,0,0,0,1
06065042623,0,0,0,0
06065042622,0,0,0,1
06065042621,0,0,0,1
06065042619,0,0,0,0
06065044602,0,0,0,0
06065044907,0,0,0,0
06065045108,0,0,0,0
06065044916,0,0,0,0
06065044807,0,0,0,0
06065044805,0,0,0,0
06065042402,0,0,1,1
06065043310,0,0,0,1
06065043401,0,0,0,1
06065043311,0,0,0,1
06065043312,0,0,1,1
06065043403,0,0,1,1
06065040615,0,0,0,1
06065040613,0,0,0,0
06065040611,0,0,0,0
06065040609,0,0,0,0
06065040405,0,0,1,1
06065031602,0,0,0,1
06065045605,0,0,0,0
06065050900,0,0,0,0
06065049000,0,0,0,0
06065042618,0,0,0,0
06065042617,0,0,0,0
06065043003,0,0,0,0
06065042714,0,0,0,0
06065045110,0,0,0,0
06065042410,0,0,0,1
06065042405,0,0,0,1
06065042409,0,0,0,1
06065042408,0,0,1,1
06065042404,0,0,0,1
06065042406,0,0,0,1
06065043315,0,0,0,1
06065044300,0,0,0,0
06065043505,0,0,0,1
06065043507,0,0,0,1
06065043506,0,0,0,1
06065043509,0,0,0,0
06065043308,0,0,0,1
06065043504,0,0,0,1
06065044403,0,0,0,0
06065048800,0,0,0,0
06065044605,0,0,0,0
06065044515,0,0,0,0
06065043316,0,0,1,1
06065043279,0,0,0,0
06065043257,0,0,0,0
06065042726,0,0,0,0
06065045109,0,0,0,0
06065044804,0,0,0,0
06065044911,0,0,0,0
06065044915,0,0,0,0
06065045000,0,0,0,0
06065040904,0,0,0,1
06065040808,0,0,0,0
06065042009,0,0,0,0
06065043503,0,0,0,1
06065043206,0,0,0,0
06065043211,0,0,0,0
06065043222,0,0,0,0
06065043216,0,0,0,0
06065043217,0,0,0,0
06065043218,0,0,0,0
06065043220,0,0,0,0
06065040404,0,1,1,1
06065940600,0,0,0,0
06065940400,0,0,0,0
06065051400,0,0,0,0
06065051300,0,0,0,0
06065050500,0,0,0,0
06065049600,0,0,0,0
06065049500,0,0,0,0
06065048902,0,0,0,0
06065048901,0,0,0,0
06065045705,0,0,0,0
06065045209,0,0,0,0
06065045706,0,0,0,0
06065045704,0,0,0,0
06065045703,0,0,0,0
06065042411,0,0,1,1
06065042403,0,0,1,1
06065042407,0,0,0,1
06065043508,0,0,0,1
06065042512,0,0,0,0
06065042513,0,0,0,1
06065042514,0,0,0,1
06065043304,1,1,1,1
06065042708,0,0,0,0
06065042903,0,0,0,0
06065043001,0,0,0,0
06065042709,0,0,0,0
06065045303,0,0,0,0
06065045120,0,0,0,0
06065045115,0,0,0,0
06065044522,0,0,0,0
06065044404,0,0,0,0
06065043278,0,0,0,0
06065043271,0,0,0,0
06065043270,0,0,0,0
06065045207,0,0,0,0
06065045302,0,0,0,0
06065045502,0,0,0,0
06065045501,0,0,0,0
06065040604,0,0,0,1
06065042412,1,1,1,1
06065044104,0,0,0,0
06065043900,0,0,0,0
06065042516,0,0,0,1
06065042515,0,0,0,1
06065042521,0,0,0,1
06065042511,0,0,0,1
06065043701,0,0,0,0
06065042519,0,0,0,1
06065042520,0,0,0,1
06065042509,0,0,0,0
06065042507,0,0,0,0
06065043252,0,0,0,0
06065043235,0,0,0,0
06065042744,0,0,0,0
06065040821,0,0,0,0
06065040607,0,0,0,1
06065941500,0,0,0,0
06065941400,0,0,0,0
06065044102,0,0,0,0
06065030502,0,0,0,0
06065044200,0,0,0,0
06065043809,0,0,0,0
06065044103,0,0,0,0
06065042518,0,0,0,1
06065042517,0,0,0,1
06065030603,0,0,0,0
06065030503,0,0,0,0
06065030700,0,0,0,0
06065030800,0,0,0,1
06065941300,0,0,0,0
06065941200,0,0,0,0
06065941100,0,0,0,0
06065941000,0,0,0,0
06065940900,0,0,0,0
06065940800,0,0,0,0
06065043807,0,0,0,0
06065044000,0,0,0,0
06065044402,0,0,0,0
06065044101,0,0,0,0
06065044904,0,0,0,0
06065045604,0,0,0,0
06065030300,0,0,0,0
06065030900,0,0,1,1
06065031200,0,0,0,0
06065031300,0,0,0,0
06065031401,0,0,0,1
06065045123,0,0,0,0
06065045122,0,0,0,0
06065045121,0,0,0,0
06065045118,0,0,0,0
06065940700,0,0,0,0
06065940100,0,0,0,0
06065047000,0,0,0,0
06065046800,0,0,0,1
06065046700,0,0,0,0
06065046602,0,0,0,0
06065046500,0,0,0,0
06065045707,0,0,0,0
06065045217,0,0,0,0
06065045124,0,0,0,0
06065045119,0,0,0,0
06065030400,0,0,0,0
06065030602,0,0,0,0
06065041500,0,0,0,0
06065041704,0,0,0,0
06065042003,0,0,0,0
06065041905,0,0,0,0
06065041804,0,0,0,0
06065031402,0,0,0,1
06065031704,0,0,0,1
06065040303,0,0,0,1
06065031703,0,0,0,1
06065031501,0,0,0,1
06065045116,0,0,0,0
06065045114,0,0,0,0
06065044932,0,0,0,0
06065044931,0,0,0,0
06065044929,0,0,0,0
06065044928,0,0,0,0
06065045117,0,0,0,0
06065044930,0,0,0,0
06065044926,0,0,0,0
06065044925,0,0,0,0
06065044924,0,0,0,0
06065044923,0,0,0,0
06065041805,0,0,0,0
06065041808,0,0,0,0
06065041703,0,0,0,0
06065041807,0,0,0,0
06065041803,0,0,0,0
06065031702,0,0,0,0
06065040302,0,0,1,1
06065040201,0,0,1,1
06065041003,0,0,1,1
06065041001,0,0,1,1
06065031002,0,0,0,1
06065041004,1,1,1,1
06065040502,0,0,0,1
06065040902,0,0,0,1
06065041202,0,0,1,1
06065044927,0,0,0,0
06065044922,0,0,0,0
06065044921,0,0,0,0
06065044919,0,0,0,0
06065044606,0,0,0,0
06065044521,0,0,0,0
06065044520,0,0,0,0
06065044518,0,0,0,0
06065044517,0,0,0,0
06065044405,0,0,0,0
06065043823,0,0,0,1
06065043822,0,0,1,1
06065043821,0,0,0,0
06065044918,0,0,0,0
06065044917,0,0,0,0
06065044516,0,0,0,0
06065043813,0,0,0,0
06065043602,0,0,0,0
06065043601,0,0,0,0
06065043266,0,0,0,0
06065043239,0,0,1,1
06065043008,0,0,0,0
06065042620,0,0,0,0
06065041702,0,0,0,0
06065041812,0,0,0,0
06065041806,0,0,0,0
06065042005,0,0,0,0
06065041405,0,0,0,0
06065041904,0,0,0,0
06065041408,0,0,0,1
06065041203,0,0,1,1
06065031502,0,0,1,1
06065040903,0,0,0,1
06065041406,0,0,0,1
06065041411,0,0,0,0
06065043820,0,0,0,0
06065043818,0,0,0,0
06065043814,0,0,0,0
06065043812,0,0,0,0
06065043811,0,0,0,0
06065043810,0,0,0,0
06065043517,0,0,0,0
06065043513,0,0,0,0
06065043512,0,0,0,1
06065043317,0,0,1,1
06065043291,0,0,0,0
06065043276,0,0,0,0
06065042014,0,0,0,0
06065041913,0,0,0,0
06065041912,0,0,0,0
06065041302,0,0,0,1
06065041301,0,0,1,1
06065041102,0,0,1,1
06065044505,0,0,0,0
06065041813,0,0,0,0
06065043006,0,0,0,0
06065043702,0,0,0,1
06065046402,0,0,0,0
06065041906,0,0,0,0
06065031701,0,0,0,0
06065040807,0,0,0,0
06065041403,0,0,0,0
06065041410,0,0,0,0
06065042510,0,0,0,0
06065042210,0,0,0,0
06065042214,0,0,0,1
06065042213,0,0,0,0
06065042300,0,0,0,0
06065042212,0,0,0,1
06065043274,0,0,0,0
06065980004,0,0,0,0
06065940500,0,0,0,0
06065051200,0,0,0,0
06065051100,0,0,0,0
06065981000,0,0,0,0
06065050700,0,0,0,0
06065050600,0,0,0,0
06065050400,0,0,0,0
06065050300,0,0,0,0
06065049800,0,0,0,0
06065049700,0,0,0,0
06065041101,0,0,1,1
06065040102,0,0,0,1
06065040101,0,0,0,0
06065031601,0,0,0,1
06065030104,0,0,0,0
06065030103,0,0,0,0
06065030101,0,0,0,0
06065043272,0,0,0,0
06065041810,0,0,0,0
06065041909,0,0,0,0
06065041409,0,0,0,0
06065043005,0,0,0,0
06065042401,0,0,1,1
06065046405,0,0,0,0
06065041600,0,0,0,0
06065044507,0,0,0,0
06065044510,0,0,0,0
06065044509,0,0,0,0
06065044702,0,0,0,0
06065044604,0,0,0,0
06065043314,0,0,1,1
06065042506,0,0,0,0
06065042505,0,0,0,0
06065042508,0,0,0,0
06065030200,0,0,0,1
06065042716,0,0,0,0
06065042720,0,0,0,0
06065042902,0,0,0,0
06065042904,0,0,0,0
06065042901,0,0,0,0
06065042717,0,0,0,0
06065042706,0,0,0,0
06065042711,0,0,0,0
06065042715,0,0,0,0
06065049400,0,0,0,0
06065049100,0,0,0,0
06065048700,0,0,0,1
06065048300,0,0,0,0
06065048200,0,0,0,0
06065048100,0,0,0,0
06065043267,0,0,0,0
06065043265,0,0,0,0
06065043264,0,0,0,0
06065043262,0,0,0,0
06065043256,0,0,0,0
06065043254,0,0,0,0
06065043250,0,0,0,0
06065043309,0,0,0,1
06065043404,0,0,1,1
06065040503,0,0,0,1
06065040605,0,0,0,1
06065040702,0,0,0,1
06065040403,0,0,1,1
06065042719,0,0,0,0
06065042723,0,0,0,0
06065042800,0,0,0,0
06065042008,0,0,0,0
06065042206,0,0,0,0
06065042209,0,0,0,0
06065042208,0,0,0,0
06065031001,0,0,0,1
06065030501,0,0,0,0
06065041404,0,0,0,0
06065041201,0,0,0,1
06065047900,0,0,0,0
06065045125,0,0,0,0
06065047202,0,0,0,0
06065047201,0,0,0,0
06065046900,0,0,0,0
06065046601,0,0,0,0
06065045609,0,0,0,0
06065045608,0,0,0,0
06065043248,0,0,0,0
06065043247,0,0,0,0
06065043246,0,0,0,0
06065043244,0,0,0,0
06065043242,0,0,0,0
06065043240,0,0,0,0
06065043229,0,0,0,0
06065040606,0,0,1,1
06065040202,0,0,1,1
06065040203,0,0,0,1
06065040603,0,0,1,1
06065040204,0,0,0,0
06065041412,0,0,0,0
06065041407,0,0,0,1
06065031100,0,0,0,0
06065042010,0,0,0,0
06065042007,0,0,0,0
06065042207,0,0,0,0
06065041809,0,0,0,0
06065045606,0,0,0,0
06065045304,0,0,0,0
06065045233,0,0,0,0
06065045228,0,0,0,0
06065045226,0,0,0,0
06065045224,0,0,0,0
06065045222,0,0,0,0
06065045216,0,0,0,0
06065043228,0,0,0,0
06065043227,0,0,0,0
06065043010,0,0,0,0
06065043009,0,0,0,0
06065043007,0,0,0,0
06065042745,0,0,0,0
06065042743,0,0,0,0
06065040402,1,1,1,1
06065040301,0,0,0,1
06065040501,0,0,0,1
06065041002,0,0,1,1
06065040701,0,0,0,0
06065040703,0,0,0,1
06065042004,0,0,0,0
06065043802,0,0,0,0
06065030601,0,0,0,0
06065046102,0,0,0,0
06065046200,0,0,0,0
06065045900,0,0,0,0
06065046103,0,0,0,0
06065046101,0,0,0,0
06065046404,0,0,0,0
06065046403,0,0,0,0
06065046401,0,0,0,0
06065045215,0,0,0,0
06065045214,0,0,0,0
06065045213,0,0,0,0
06065045212,0,0,0,0
06065042217,0,0,0,0
06065042013,0,0,0,0
06065042742,0,0,0,0
06065042741,0,0,0,0
06065042740,0,0,0,0
06065042739,0,0,0,0
06065042738,0,0,0,0
06065042737,0,0,0,1
06065042733,0,0,0,0
06065042732,0,0,0,0
06065042731,0,0,0,0
06065042730,0,0,0,0
06065042729,0,0,0,0
06065040806,0,0,0,0
06065040809,0,0,0,0
06065040901,0,0,0,1
06065044701,0,0,0,0
06065045103,0,0,0,0
06065044806,0,0,0,0
06065043307,0,0,1,1
06065043313,0,0,1,1
06065043703,0,0,0,0
06065043405,0,0,0,1
06065043306,0,0,0,1
06111000701,0,0,0,0
06111000304,0,0,0,0
06111008500,0,0,0,0
06111000500,0,0,0,0
06111008201,0,0,0,0
06111003608,0,0,0,1
06111002700,0,0,0,1
06111004101,0,0,0,0
06111002600,0,0,0,1
06111002400,0,0,0,0
06111001602,0,0,0,1
06111001402,0,0,1,1
06111001507,0,0,1,1
06111002800,1,1,1,1
06111002500,0,0,0,1
06111002300,0,0,0,0
06111002200,0,0,0,0
06111002102,0,0,0,0
06111002000,0,0,0,0
06111001900,0,0,0,1
06111001800,0,0,0,1
06111007700,0,0,0,0
06111007505,0,0,0,0
06111000800,0,0,0,0
06111000600,0,0,0,0
06111000400,0,0,0,0
06111004503,0,0,0,0
06111001700,0,0,0,1
06111001601,0,0,0,1
06111001503,0,0,1,1
06111001502,0,0,1,1
06111001302,0,0,0,0
06111001401,0,0,0,1
06111001506,0,0,1,1
06111000302,0,0,0,0
06111001204,0,0,0,1
06111001202,0,0,0,1
06111001201,0,0,0,1
06111007300,0,0,0,0
06111001301,0,0,0,1
06111007202,0,0,0,0
06111007201,0,0,0,0
06111007100,0,0,0,0
06111007000,0,0,0,0
06111006900,0,0,0,0
06111006800,0,0,0,0
06111006700,0,0,0,0
06111006600,0,0,0,0
06111006500,0,0,0,0
06111006400,0,0,0,0
06111006302,0,0,0,0
06111007508,0,0,0,0
06111005907,0,0,0,0
06111005304,0,0,0,0
06111005305,0,0,0,0
06111007507,0,0,0,0
06111006000,0,0,0,0
06111007402,0,0,0,0
06111005503,0,0,0,0
06111006301,0,0,0,0
06111006200,0,0,0,0
06111006100,0,0,0,0
06111005906,0,0,0,0
06111007403,0,0,0,1
06111005909,0,0,0,0
06111005911,0,0,0,0
06111005901,0,0,0,0
06111005306,0,0,0,0
06111008401,0,0,0,0
06111008303,0,0,0,0
06111008202,0,0,0,0
06111007506,0,0,0,0
06111008101,0,0,0,0
06111005910,0,0,0,0
06111008002,0,0,0,0
06111008001,0,0,0,0
06111008005,0,0,0,0
06111007901,0,0,0,0
06111007800,0,0,0,0
06111008305,0,0,0,0
06111008306,0,0,0,0
06111007904,0,0,0,0
06111008402,0,0,0,0
06111008004,0,0,0,0
06111008304,0,0,0,0
06111008302,0,0,0,0
06111004200,0,0,0,0
06111000702,0,0,0,0
06111000303,0,0,0,0
06111007612,0,0,0,0
06111004505,0,0,0,0
06111004000,0,0,0,0
06111003900,0,0,0,1
06111003700,0,0,0,1
06111001101,0,0,0,0
06111003300,0,0,1,1
06111003201,0,0,0,1
06111004704,0,0,0,0
06111005002,0,0,0,1
06111007514,0,0,0,0
06111004710,0,0,0,0
06111003609,0,0,0,1
06111003012,0,0,1,1
06111001206,0,0,0,0
06111980000,0,0,0,0
06111009100,0,0,0,1
06111004600,0,0,0,0
06111005908,0,0,0,0
06111004400,0,0,0,0
06111003605,0,0,0,1
06111003100,0,0,1,1
06111004504,0,0,0,0
06111007606,0,0,0,0
06111008900,0,0,0,0
06111008800,0,0,0,1
06111008700,0,0,0,1
06111008600,0,0,0,1
06111007611,0,0,0,0
06111007610,0,0,0,0
06111007512,0,0,0,1
06111007511,0,0,1,1
06111007405,1,1,1,1
06111005802,0,0,0,0
06111005801,0,0,0,0
06111003011,0,0,1,1
06111007903,0,0,0,0
06111001102,0,0,0,0
06111001002,0,0,0,0
06111007607,0,0,0,0
06111001001,0,0,0,0
06111000903,0,0,0,0
06111000901,0,0,0,0
06111000100,0,0,0,0
06111005100,0,0,0,1
06111005404,0,0,0,0
06111002901,1,1,1,1
06111000200,0,0,0,0
06111005502,0,0,0,0
06111005403,0,0,0,0
06111005504,0,0,0,0
06111005004,0,0,1,1
06111005003,0,0,1,1
06111004717,0,0,0,0
06111004715,0,0,0,0
06111004711,0,0,0,0
06111004305,0,0,0,0
06111003802,0,0,0,0
06111003612,0,0,0,0
06111005303,0,0,0,0
06111005401,0,0,0,0
06111005203,0,0,0,0
06111005700,0,0,0,0
06111005600,0,0,0,0
06111000902,0,0,0,0
06111003010,0,0,1,1
06111990100,0,0,0,1
06111007614,0,0,0,0
06111007613,0,0,0,0
06111007609,0,0,0,0
06111007513,0,0,0,0
06111007510,0,0,0,0
06111007509,0,0,0,0
06111007406,0,0,0,0
06111005205,0,0,0,0
06111005204,0,0,0,0
06111005202,0,0,0,0
06111004902,0,0,0,1
06111004901,0,0,0,1
06111004716,0,0,0,1
06111004506,0,0,0,0
06111004304,0,0,0,1
06111003801,0,0,0,1
06111003013,0,0,1,1
06111002905,0,0,1,1
06037920336,0,0,0,1
06037920044,0,0,0,0
06037573003,0,0,0,0
06037571704,0,0,0,0
06037570403,0,0,0,0
06037553503,0,0,0,0
06037552302,0,0,0,0
06037503104,0,0,0,0
06037550602,0,0,0,0
06037550601,0,0,0,0
06037550202,0,0,0,0
06037550201,0,0,0,0
06037544002,0,0,0,0
06037544001,0,0,0,0
06037543905,0,0,0,0
06037139504,0,0,0,1
06037139503,0,0,0,1
06037139401,0,0,0,1
06037137103,0,0,0,1
06037134905,0,0,0,0
06037134522,0,0,0,1
06037301206,0,0,0,0
06037301205,0,0,0,0
06037300301,0,0,0,0
06037501002,0,0,0,0
06037501001,0,0,0,0
06037500404,0,0,0,0
06037481606,0,0,0,0
06037500403,0,0,0,0
06037433101,0,0,0,0
06037911001,0,0,0,0
06037910813,0,0,0,1
06037910716,0,0,0,0
06037910715,0,0,0,0
06037910714,0,0,0,0
06037910711,0,0,0,0
06037910606,0,0,0,0
06037910605,0,0,0,0
06037135114,0,0,0,1
06037135113,0,0,0,1
06037134903,0,0,0,0
06037134521,0,0,0,0
06037131701,0,0,0,0
06037128801,0,0,0,1
06037127712,0,0,0,0
06037127606,0,0,0,0
06037127604,0,0,0,0
06037124903,0,0,1,1
06037124204,0,0,0,1
06037124203,0,0,0,1
06037124105,0,0,0,1
06037124103,0,0,0,1
06037122121,0,0,0,0
06037121222,0,0,0,0
06037121221,0,0,0,0
06037121101,0,0,0,0
06037120108,0,0,0,0
06037481605,0,0,0,0
06037124902,0,0,0,1
06037124104,0,0,0,1
06037123902,0,0,0,1
06037121102,0,0,0,0
06037106645,0,0,1,1
06037104204,0,0,0,0
06037297602,0,0,0,0
06037297601,0,0,0,0
06037910505,0,0,0,0
06037910504,0,0,0,0
06037910002,0,0,0,0
06037901011,0,0,0,0
06037901010,0,0,0,0
06037901009,0,0,0,0
06037900609,0,0,0,0
06037502802,0,0,0,0
06037460401,1,1,1,1
06037577504,0,0,0,0
06037120107,0,0,0,0
06037120106,0,0,0,0
06037120104,0,0,0,0
06037120103,0,0,0,0
06037119342,0,0,0,0
06037119341,0,0,0,0
06037117408,0,0,0,0
06037117407,0,0,0,0
06037117201,0,0,0,0
06037117102,0,0,0,0
06037117101,0,0,0,0
06037405702,0,0,0,0
06037405701,0,0,0,0
06037405302,0,0,0,0
06037405301,0,0,0,0
06037576903,0,0,0,0
06037576302,0,0,0,0
06037576301,0,0,0,0
06037576001,0,0,0,0
06037408003,0,0,0,0
06037401304,0,0,0,0
06037401303,0,0,0,0
06037400501,0,0,0,0
06037400403,0,0,0,0
06037302506,0,0,0,0
06037404504,0,0,0,0
06037404202,0,0,0,0
06037404201,0,0,0,0
06037650901,0,0,0,0
06037650401,0,0,0,0
06037650004,0,0,0,0
06037650003,0,0,0,0
06037621326,0,0,0,0
06037621324,0,0,0,0
06037302505,0,0,0,0
06037433503,0,0,0,0
06037406702,0,0,0,0
06037900608,0,0,0,0
06037900507,0,0,0,0
06037900506,0,0,0,0
06037900505,0,0,0,0
06037900104,0,0,0,0
06037621204,0,0,0,0
06037621104,0,0,0,0
06037621004,0,0,0,0
06037620904,0,0,0,0
06037620305,0,0,0,0
06037543306,0,0,0,0
06037542106,0,0,0,0
06037542105,0,0,0,0
06037900103,0,0,0,0
06037800506,1,1,1,1
06037800504,1,1,1,1
06037800410,0,0,1,1
06037800408,0,0,0,0
06037800406,0,0,0,0
06037800332,0,0,0,1
06037800330,0,0,1,1
06037800329,0,0,1,1
06037573601,0,0,0,0
06037571504,0,0,0,0
06037571503,0,0,0,0
06037570404,0,0,0,0
06037267404,0,0,0,1
06037113237,0,0,0,0
06037102107,0,0,0,0
06037102104,0,0,0,0
06037111205,0,0,0,1
06037108202,0,0,0,1
06037106649,0,0,1,1
06037106646,0,0,1,1
06037106406,1,1,1,1
06037104203,0,0,0,0
06037265602,0,0,0,1
06037293306,0,0,0,0
06037276604,0,0,0,0
06037276603,0,0,0,0
06037269907,0,0,0,0
06037269906,0,0,0,0
06037267901,0,0,0,0
06037434004,0,0,0,0
06037434003,0,0,0,0
06037433504,0,0,0,0
06037433307,0,0,0,0
06037104108,0,0,0,0
06037402904,0,0,0,0
06037402903,0,0,0,0
06037402804,0,0,0,0
06037402803,0,0,0,0
06037402706,0,0,0,0
06037402705,0,0,0,0
06037402405,0,0,0,0
06037604002,0,0,0,0
06037604001,0,0,0,0
06037603802,0,0,0,0
06037433306,0,0,0,0
06037433305,0,0,0,0
06037433304,0,0,0,0
06037431502,0,0,0,0
06037431501,0,0,0,0
06037430301,1,1,1,1
06037430003,0,0,0,1
06037603801,0,0,0,0
06037603006,0,0,0,0
06037603005,0,0,0,0
06037602802,0,0,0,0
06037602801,0,0,0,0
06037602509,0,0,0,0
06037602508,0,0,0,0
06037602302,0,0,0,0
06037600304,0,0,0,0
06037800327,0,0,1,1
06037702102,0,0,0,1
06037702002,0,0,0,1
06037701902,0,0,1,1
06037554406,0,0,0,0
06037554405,0,0,0,0
06037554302,0,0,0,0
06037554301,0,0,0,0
06037536104,0,0,0,0
06037535002,0,0,0,0
06037535001,0,0,0,0
06037533806,0,0,0,0
06037533805,0,0,0,0
06037533001,0,0,0,0
06037102103,0,0,0,0
06037295103,0,0,0,0
06037275602,0,0,0,0
06037275101,0,0,0,0
06037554204,0,0,0,0
06037554203,0,0,0,0
06037554105,0,0,0,0
06037554104,0,0,0,0
06037553504,0,0,0,0
06037241201,0,0,0,0
06037239801,0,0,0,0
06037234901,0,0,0,0
06037214901,0,0,0,1
06037214503,0,0,0,1
06037212501,0,0,0,0
06037212102,0,0,0,0
06037212101,0,0,0,0
06037211922,0,0,0,0
06037211804,0,0,0,1
06037211803,0,0,0,1
06037211202,0,0,0,1
06037265201,0,0,0,1
06037234502,0,0,0,0
06037234501,0,0,0,0
06037219901,0,0,0,0
06037214902,0,0,0,1
06037214502,0,0,0,1
06037212701,0,0,0,1
06037211703,0,0,0,1
06037208301,0,0,0,0
06037207502,0,0,0,0
06037207301,0,0,0,0
06037207102,0,0,0,0
06037207101,0,0,0,0
06037402304,0,0,0,0
06037211121,0,0,0,0
06037189201,0,0,0,1
06037185204,0,0,0,0
06037185203,0,0,0,0
06037208501,0,0,0,0
06037207501,0,0,0,0
06037207302,0,0,0,0
06037190801,0,0,1,1
06037190402,0,0,0,1
06037190401,0,0,0,1
06037190201,0,0,1,1
06037189904,0,0,1,1
06037408631,0,0,0,0
06037402303,0,0,0,0
06037402002,0,0,0,0
06037402001,0,0,0,0
06037400404,0,0,0,0
06037400207,0,0,0,0
06037531504,0,0,0,0
06037531503,0,0,0,0
06037206031,0,0,0,0
06037186301,0,0,0,0
06037183104,0,0,0,1
06037311801,0,0,0,0
06037980028,0,0,0,0
06037980026,0,0,0,0
06037408505,0,0,0,0
06037408504,0,0,0,0
06037406701,0,0,0,0
06037408141,0,0,0,0
06037408140,0,0,0,0
06037408005,0,0,0,0
06037407802,0,0,0,0
06037183103,0,0,0,0
06037127805,0,0,0,0
06037127605,0,0,0,0
06037125401,0,0,0,1
06037122122,0,0,0,0
06037120105,0,0,0,0
06037115103,0,0,0,1
06037113235,0,0,0,1
06037320202,0,0,0,1
06037980025,0,0,0,0
06037980024,0,0,0,1
06037980023,0,0,0,1
06037980022,0,0,1,1
06037980021,0,0,0,0
06037980020,0,0,0,0
06037407801,0,0,0,0
06037407602,0,0,0,0
06037407601,0,0,0,0
06037407502,0,0,0,0
06037407501,0,0,0,0
06037406902,0,0,0,0
06037406901,0,0,0,0
06037701402,0,0,1,1
06037320201,0,0,0,1
06037310602,0,0,0,0
06037310601,0,0,0,0
06037310501,0,0,0,0
06037310202,0,0,0,0
06037310201,0,0,0,0
06037302504,0,0,0,0
06037302503,0,0,0,0
06037302401,0,0,0,0
06037980015,0,0,0,0
06037430902,0,0,0,1
06037430901,0,0,1,1
06037408724,0,0,0,0
06037408723,0,0,0,0
06037408630,0,0,0,0
06037408139,0,0,0,0
06037408138,0,0,0,0
06037701304,0,0,1,1
06037700802,0,0,0,1
06037700801,0,0,0,1
06037700502,0,0,1,1
06037700501,0,0,0,1
06037700101,0,0,1,1
06037670602,0,0,0,0
06037670416,0,0,0,0
06037302004,0,0,0,0
06037302003,0,0,0,0
06037301802,0,0,0,0
06037301801,0,0,0,0
06037503106,0,0,0,0
06037503105,0,0,0,0
06037503103,0,0,0,0
06037502801,0,0,0,0
06037502005,0,0,0,0
06037502004,0,0,0,0
06037408137,0,0,0,0
06037408136,0,0,0,0
06037408006,0,0,0,0
06037408004,0,0,0,0
06037404503,0,0,0,0
06037402406,0,0,0,0
06037670328,0,0,0,0
06037670326,0,0,0,0
06037670324,0,0,0,0
06037651402,0,0,0,0
06037651401,0,0,0,0
06037651304,0,0,0,0
06037552002,0,0,0,0
06037552001,0,0,0,0
06037502003,0,0,0,0
06037501804,0,0,0,0
06037501803,0,0,0,0
06037108201,0,0,0,1
06037104822,0,0,0,0
06037104403,0,0,0,0
06037278001,0,0,0,0
06037265202,0,0,0,1
06037264102,0,0,1,1
06037920118,0,0,1,1
06037920114,0,0,0,1
06037900201,0,0,0,0
06037800203,1,1,1,1
06037700102,0,0,1,1
06037920337,0,0,0,1
06037551502,0,0,0,0
06037551501,0,0,0,0
06037551402,0,0,0,0
06037551401,0,0,0,0
06037551102,0,0,0,0
06037551101,0,0,0,0
06037550902,0,0,0,0
06037550901,0,0,0,0
06037262704,1,1,1,1
06037240401,0,0,0,0
06037237102,0,0,0,0
06037211704,0,0,0,1
06037211122,0,0,0,0
06037207103,0,0,0,0
06037194101,1,1,1,1
06037192001,0,0,1,1
06037190202,0,0,1,1
06037189903,0,1,1,1
06037143604,0,0,1,1
06037141101,0,0,1,1
06037534803,0,0,0,0
06037533902,0,0,0,0
06037534802,0,0,0,0
06037534406,0,0,0,0
06037534405,0,0,0,0
06037533703,0,0,0,0
06037533403,0,0,0,0
06037533402,0,0,0,0
06037533300,0,0,0,0
06037310100,0,0,0,0
06037113422,0,0,0,0
06037503602,0,0,0,0
06037502302,0,0,0,0
06037502700,0,0,0,0
06037502402,0,0,0,0
06037543321,0,0,0,0
06037541500,0,0,0,0
06037550300,0,0,0,0
06037542401,0,0,0,0
06037543702,0,0,0,0
06037541100,0,0,0,0
06037405500,0,0,0,0
06037405101,0,0,0,0
06037206020,0,0,0,0
06037206010,0,0,0,0
06037207710,0,0,0,0
06037207400,0,0,0,0
06037206300,0,0,0,0
06037208000,0,0,0,0
06037208610,0,0,0,0
06037208620,0,0,0,0
06037208710,0,0,0,0
06037208902,0,0,0,0
06037602600,0,0,0,0
06037219800,0,0,0,0
06037219010,0,0,0,0
06037218900,0,0,0,0
06037220100,0,0,0,0
06037219700,0,0,0,0
06037221220,0,0,0,0
06037219020,0,0,0,0
06037221110,0,0,0,0
06037221120,0,0,0,0
06037221302,0,0,0,0
06037221500,0,0,0,0
06037221900,0,0,0,0
06037221820,0,0,0,0
06037221810,0,0,0,0
06037222100,0,0,0,0
06037222200,0,0,0,0
06037222600,0,0,0,0
06037536103,0,0,0,0
06037533002,0,0,0,0
06037480304,0,0,0,0
06037125501,0,0,0,1
06037125402,0,0,1,1
06037123901,0,0,0,1
06037121802,0,0,0,0
06037121801,0,0,0,0
06037119202,0,0,0,0
06037119201,0,0,0,0
06037119002,0,0,0,0
06037119001,0,0,0,0
06037117202,0,0,0,0
06037115404,0,0,0,0
06037115403,0,0,0,0
06037900803,0,0,0,0
06037900805,0,0,0,0
06037901007,0,0,0,0
06037901101,0,0,0,0
06037900501,0,0,0,0
06037901004,0,0,0,0
06037901102,0,0,0,0
06037920015,0,0,0,1
06037104401,0,0,0,0
06037104620,0,0,0,0
06037104320,0,0,0,0
06037530902,0,0,0,0
06037530801,0,0,0,0
06037530901,0,0,0,0
06037531000,0,0,0,0
06037531101,0,0,0,0
06037531102,0,0,0,0
06037531201,0,0,0,0
06037531202,0,0,0,0
06037482301,0,0,0,0
06037481103,0,0,0,0
06037482401,0,0,0,0
06037482303,0,0,0,0
06037482522,0,0,0,0
06037530005,0,0,0,0
06037403312,0,0,0,0
06037408704,0,0,0,0
06037403324,0,0,0,0
06037408211,0,0,0,0
06037403325,0,0,0,0
06037408212,0,0,0,0
06037408503,0,0,0,0
06037407001,0,0,0,0
06037408302,0,0,0,0
06037401202,0,0,0,0
06037403802,0,0,0,0
06037401603,0,0,0,0
06037403901,0,0,0,0
06037404901,0,0,0,0
06037405900,0,0,0,0
06037405002,0,0,0,0
06037405102,0,0,0,0
06037183820,0,0,0,0
06037185100,0,0,0,0
06037185202,0,0,0,0
06037185310,0,0,0,0
06037186100,0,0,0,0
06037183220,0,0,0,0
06037533202,0,0,0,0
06037533502,0,0,0,0
06037533201,0,0,0,0
06037533503,0,0,0,0
06037533702,0,0,0,0
06037533803,0,0,0,0
06037534202,0,0,0,0
06037534804,0,0,0,0
06037531602,0,0,0,0
06037533901,0,0,0,0
06037534001,0,0,0,0
06037502500,0,0,0,0
06037530400,0,0,0,0
06037501200,0,0,0,0
06037501501,0,0,0,0
06037501400,0,0,0,0
06037501300,0,0,0,0
06037500201,0,0,0,0
06037500202,0,0,0,0
06037501503,0,0,0,0
06037501504,0,0,0,0
06037406411,0,0,0,0
06037406500,0,0,0,0
06037406412,0,0,0,0
06037189702,0,0,1,1
06037406601,0,0,0,0
06037406402,0,0,0,0
06037406800,0,0,0,0
06037400604,0,0,0,0
06037404501,0,0,0,0
06037408134,0,0,0,0
06037602900,0,0,0,0
06037602301,0,0,0,0
06037603704,0,0,0,0
06037620001,0,0,0,0
06037600302,0,0,0,0
06037603703,0,0,0,0
06037603900,0,0,0,0
06037603600,0,0,0,0
06037106114,0,0,0,1
06037222500,0,0,0,0
06037187300,0,0,0,0
06037222700,0,0,0,0
06037224010,0,0,0,0
06037224020,0,0,0,0
06037224410,0,0,0,0
06037181300,0,0,0,0
06037224320,0,0,0,0
06037187200,0,0,0,0
06037224310,0,0,0,0
06037115104,0,0,0,0
06037113102,0,0,0,1
06037113101,0,0,0,0
06037111206,0,0,0,1
06037109604,0,0,0,1
06037109603,0,0,0,0
06037106648,0,0,0,1
06037106408,0,0,1,1
06037106407,0,0,0,1
06037106405,0,0,1,1
06037104821,0,0,0,0
06037104704,0,0,0,0
06037104703,0,0,0,0
06037104404,0,0,0,0
06037104124,0,0,0,0
06037900102,0,0,0,0
06037910201,0,0,0,0
06037910302,0,0,0,0
06037910402,0,0,0,0
06037910403,0,0,0,0
06037910501,0,0,0,0
06037910601,0,0,0,0
06037910502,0,0,0,0
06037910401,0,0,0,0
06037910603,0,0,0,0
06037531301,0,0,0,0
06037531603,0,0,0,0
06037531701,0,0,0,0
06037531604,0,0,0,0
06037531800,0,0,0,0
06037531702,0,0,0,0
06037531902,0,0,0,0
06037531901,0,0,0,0
06037106643,0,0,1,1
06037482600,0,0,0,0
06037134306,0,0,0,0
06037482800,0,0,0,0
06037431001,0,0,1,1
06037460100,1,1,1,1
06037432401,0,0,0,0
06037408629,0,0,0,0
06037404703,0,0,0,0
06037121900,0,0,0,0
06037122410,0,0,0,0
06037123010,0,0,0,0
06037122420,0,0,0,0
06037123020,0,0,0,0
06037123205,0,0,0,1
06037123203,0,0,0,1
06037123204,0,0,0,1
06037123520,0,0,0,1
06037123304,0,0,0,1
06037123303,0,0,0,1
06037123410,0,0,0,0
06037123301,0,0,0,1
06037900300,0,0,0,0
06037301300,0,0,0,0
06037301203,0,0,0,0
06037700400,0,0,1,1
06037127220,0,0,0,0
06037702400,0,0,0,0
06037702801,0,0,0,0
06037186401,0,0,0,0
06037187102,0,0,0,0
06037189300,0,0,0,1
06037123420,0,0,0,1
06037189902,0,0,1,1
06037190301,0,0,1,1
06037190520,0,0,0,1
06037199700,0,0,0,0
06037190902,0,0,1,1
06037191110,0,0,0,1
06037191201,0,0,0,1
06037191204,0,0,0,1
06037535804,0,0,0,0
06037535803,0,0,0,0
06037535502,0,0,0,0
06037535701,0,0,0,0
06037535603,0,0,0,0
06037535501,0,0,0,0
06037535503,0,0,0,0
06037535604,0,0,0,0
06037535606,0,0,0,0
06037535902,0,0,0,0
06037535702,0,0,0,0
06037535901,0,0,0,0
06037551800,0,0,0,0
06037501700,0,0,0,0
06037190100,0,0,1,1
06037407200,0,0,0,0
06037407701,0,0,0,0
06037407702,0,0,0,0
06037402101,0,0,0,0
06037408135,0,0,0,0
06037408133,0,0,0,0
06037408202,0,0,0,0
06037407002,0,0,0,0
06037407102,0,0,0,0
06037407302,0,0,0,0
06037408301,0,0,0,0
06037407301,0,0,0,0
06037604100,0,0,0,0
06037601502,0,0,0,0
06037603101,0,0,0,0
06037603102,0,0,0,0
06037603200,0,0,0,0
06037603301,0,0,0,0
06037603302,0,0,0,0
06037603702,0,0,0,0
06037224420,0,0,0,0
06037224600,0,0,0,0
06037224700,0,0,0,0
06037226410,0,0,0,0
06037226420,0,0,0,0
06037226700,0,0,0,0
06037227010,0,0,0,0
06037650102,0,0,0,0
06037650200,0,0,0,0
06037650602,0,0,0,0
06037650502,0,0,0,0
06037650501,0,0,0,0
06037297202,0,0,0,0
06037297201,0,0,0,0
06037296902,0,0,0,0
06037296901,0,0,0,0
06037296402,0,0,0,0
06037296401,0,0,0,0
06037294701,0,0,0,0
06037294421,0,0,0,0
06037294302,0,0,0,0
06037102105,0,0,0,0
06037101122,0,0,0,0
06037201602,0,0,0,0
06037201601,0,0,0,0
06037195903,0,0,0,0
06037195902,0,0,0,0
06037195901,0,0,0,0
06037195804,0,0,0,0
06037195803,0,0,0,0
06037195202,0,0,0,1
06037195201,0,0,0,1
06037910404,0,0,0,0
06037910602,0,0,0,0
06037910706,0,0,0,0
06037910707,0,0,0,0
06037269000,0,0,0,0
06037269500,0,0,0,0
06037269300,0,0,0,0
06037269700,0,0,0,0
06037269800,0,0,0,0
06037270100,0,0,0,0
06037480802,0,0,0,0
06037480901,0,0,0,0
06037531302,0,0,0,0
06037481001,0,0,0,0
06037481002,0,0,0,0
06037481102,0,0,0,0
06037480803,0,0,0,0
06037481902,0,0,0,0
06037430502,0,0,1,1
06037432300,0,0,0,0
06037432500,0,0,0,0
06037432602,0,0,0,0
06037432700,0,0,0,0
06037432801,0,0,0,0
06037432902,0,0,0,0
06037123510,0,0,0,1
06037123602,0,0,0,1
06037123700,0,0,0,1
06037123800,0,0,0,1
06037123601,0,0,0,1
06037124300,0,0,0,1
06037124500,0,0,0,1
06037127300,0,0,0,0
06037127400,0,0,0,0
06037127920,0,0,0,0
06037127910,0,0,0,0
06037128210,0,0,0,1
06037128400,0,0,0,1
06037134104,0,0,0,0
06037131400,0,0,0,0
06037131800,0,0,0,0
06037132300,0,0,0,0
06037702802,0,0,0,0
06037702502,0,0,0,0
06037702700,0,0,0,0
06037702803,0,0,0,0
06037127210,0,0,0,0
06037181000,0,0,0,1
06037191620,0,0,0,1
06037191720,0,0,0,1
06037191420,0,0,0,1
06037191500,0,0,0,1
06037191810,0,0,1,1
06037191410,0,0,0,1
06037191820,0,0,1,1
06037191610,0,0,0,1
06037192300,0,0,1,1
06037194200,0,0,1,1
06037201120,0,0,0,0
06037201504,0,0,0,0
06037104103,0,0,0,0
06037262301,1,1,1,1
06037400304,0,0,0,0
06037920326,0,0,1,1
06037108104,0,0,1,1
06037460800,0,0,1,1
06037535802,0,0,0,0
06037482521,0,0,0,0
06037540101,0,0,0,0
06037536102,0,0,0,0
06037536000,0,0,0,0
06037124201,0,0,0,1
06037535605,0,0,0,0
06037403305,0,0,0,0
06037402102,0,0,0,0
06037402200,0,0,0,0
06037402301,0,0,0,0
06037403721,0,0,0,0
06037402702,0,0,0,0
06037403200,0,0,0,0
06037402703,0,0,0,0
06037402600,0,0,0,0
06037402501,0,0,0,0
06037407101,0,0,0,0
06037189701,0,0,1,1
06037189600,0,0,1,1
06037189500,0,0,1,1
06037701202,0,0,1,1
06037700902,0,0,0,1
06037311600,0,0,0,1
06037700901,0,0,0,1
06037189400,0,0,1,1
06037702501,0,0,0,0
06037106112,0,0,0,1
06037555212,0,0,0,0
06037555103,0,0,0,0
06037555102,0,0,0,0
06037541400,0,0,0,0
06037555001,0,0,0,0
06037570100,0,0,0,0
06037570002,0,0,0,0
06037650603,0,0,0,0
06037650702,0,0,0,0
06037650800,0,0,0,0
06037650701,0,0,0,0
06037670001,0,0,0,0
06037651221,0,0,0,0
06037650902,0,0,0,0
06037651201,0,0,0,0
06037294301,0,0,0,0
06037293307,0,0,0,0
06037278102,0,0,0,0
06037980009,0,0,1,1
06037980008,0,0,0,0
06037980007,0,0,0,0
06037980006,0,0,0,0
06037980005,0,0,0,0
06037194402,0,0,1,1
06037194401,0,0,1,1
06037194102,0,0,1,1
06037192002,0,0,1,1
06037191902,0,0,1,1
06037191901,0,0,1,1
06037191302,0,0,0,1
06037191301,0,0,0,1
06037190802,0,0,1,1
06037189905,1,1,1,1
06037189202,0,0,0,1
06037189102,0,0,0,1
06037189101,0,0,0,1
06037188202,0,0,0,1
06037270200,0,0,0,0
06037270300,0,0,0,0
06037271100,0,0,0,0
06037141500,0,0,1,1
06037271400,0,0,0,0
06037271600,0,0,0,0
06037271500,0,0,0,0
06037271300,0,0,0,1
06037271200,0,0,0,1
06037271701,0,0,0,0
06037271801,0,0,0,0
06037271702,0,0,0,0
06037464200,0,0,1,1
06037139502,0,0,0,1
06037530204,0,0,0,0
06037530004,0,0,0,0
06037530202,0,0,0,0
06037530203,0,0,0,0
06037432601,0,0,0,0
06037431300,0,0,0,1
06037432802,0,0,0,0
06037433401,0,0,0,0
06037433901,0,0,0,0
06037134303,0,0,0,1
06037433602,0,0,0,0
06037434001,0,0,0,0
06037433403,0,0,0,0
06037133000,0,0,0,0
06037132700,0,0,0,0
06037131900,0,0,0,0
06037133100,0,0,0,1
06037134101,0,0,0,0
06037134103,0,0,0,0
06037131300,0,0,0,0
06037134201,0,0,0,0
06037131100,0,0,0,0
06037131010,0,0,0,0
06037134304,0,0,0,1
06037134302,0,0,0,1
06037134305,0,0,0,0
06037134422,0,0,1,1
06037703002,0,0,0,0
06037231300,0,0,0,0
06037228710,0,0,0,0
06037228720,0,0,0,0
06037229100,0,0,0,0
06037229300,0,0,0,0
06037229410,0,0,0,0
06037229420,0,0,0,0
06037231800,0,0,0,0
06037231100,0,0,0,0
06037231900,0,0,0,0
06037231210,0,0,0,0
06037231720,0,0,0,0
06037232400,0,0,0,0
06037232300,0,0,0,0
06037232200,0,0,0,0
06037232110,0,0,0,0
06037125320,0,0,0,1
06037277200,0,0,0,0
06037291110,0,0,0,0
06037703001,0,0,0,0
06037231600,0,0,0,0
06037291120,0,0,0,0
06037125310,0,0,0,1
06037291130,0,0,0,0
06037124600,0,0,1,1
06037540400,0,0,0,0
06037535607,0,0,0,0
06037124000,0,0,1,1
06037532700,0,0,0,0
06037540502,0,0,0,0
06037540202,0,0,0,0
06037540501,0,0,0,0
06037540201,0,0,0,0
06037532400,0,0,0,0
06037402801,0,0,0,0
06037402502,0,0,0,0
06037402402,0,0,0,0
06037402403,0,0,0,0
06037402902,0,0,0,0
06037402404,0,0,0,0
06037403303,0,0,0,0
06037403000,0,0,0,0
06037192420,0,0,0,1
06037192410,0,0,0,1
06037192510,0,0,0,1
06037192520,0,0,0,1
06037192610,0,0,0,1
06037195400,0,0,0,0
06037192700,0,0,0,1
06037194300,0,0,1,1
06037192620,0,0,0,1
06037195600,0,0,0,0
06037195100,0,0,0,0
06037570001,0,0,0,0
06037570902,0,0,0,0
06037570702,0,0,0,0
06037570701,0,0,0,0
06037571101,0,0,0,0
06037571300,0,0,0,0
06037570003,0,0,0,0
06037571102,0,0,0,0
06037555211,0,0,0,0
06037570202,0,0,0,0
06037503802,0,0,0,0
06037503801,0,0,0,0
06037503902,0,0,0,0
06037504002,0,0,0,0
06037503901,0,0,0,0
06037480102,0,0,0,1
06037504101,0,0,0,0
06037980004,0,0,0,0
06037980003,0,0,0,0
06037980002,0,0,0,0
06037980001,0,0,0,0
06037930301,0,0,1,1
06037920338,0,0,0,0
06037920119,0,0,1,1
06037920116,0,0,1,1
06037920045,0,0,0,0
06037910713,0,0,0,0
06037910712,0,0,0,0
06037188201,0,0,0,1
06037187101,0,0,0,0
06037186404,0,0,0,0
06037186403,0,0,0,0
06037186302,0,0,0,0
06037186203,0,0,0,0
06037186202,0,0,0,0
06037271802,0,0,0,0
06037272100,0,0,0,0
06037272302,0,0,0,0
06037272301,0,0,0,0
06037139802,1,1,1,1
06037185320,0,0,0,0
06037139801,0,0,1,1
06037135102,0,0,0,1
06037139702,1,1,1,1
06037700300,0,0,1,1
06037113213,0,0,0,0
06037530301,0,0,0,0
06037530302,0,0,0,0
06037532002,0,0,0,0
06037532101,0,0,0,0
06037138000,0,0,1,1
06037481714,0,0,0,0
06037481800,0,0,0,0
06037433200,0,0,0,0
06037433302,0,0,0,0
06037433501,0,0,0,0
06037433402,0,0,0,0
06037433700,0,0,0,0
06037433801,0,0,0,0
06037433601,0,0,0,0
06037134710,0,0,0,0
06037134520,0,0,0,1
06037134720,0,0,0,0
06037134800,0,0,0,0
06037134901,0,0,0,1
06037135111,0,0,0,1
06037135201,0,0,0,1
06037408628,0,0,0,0
06037408705,0,0,0,0
06037408703,0,0,0,0
06037406602,0,0,0,0
06037408800,0,0,0,0
06037232600,0,0,0,0
06037232500,0,0,0,0
06037232800,0,0,0,0
06037232700,0,0,0,0
06037234300,0,0,0,0
06037234700,0,0,0,0
06037234800,0,0,0,0
06037235100,0,0,0,0
06037234600,0,0,0,0
06037234000,0,0,0,0
06037235202,0,0,0,0
06037235201,0,0,0,0
06037703100,0,0,0,0
06037700600,0,0,1,1
06037703200,0,0,0,0
06037701502,0,0,1,1
06037620002,0,0,0,0
06037533701,0,0,0,0
06037191000,0,0,1,1
06037533107,0,0,0,0
06037534302,0,0,0,0
06037532500,0,0,0,0
06037534404,0,0,0,0
06037481201,0,0,0,0
06037533401,0,0,0,0
06037123206,0,0,0,0
06037534201,0,0,0,0
06037534900,0,0,0,0
06037430801,0,0,1,1
06037430724,0,0,0,1
06037403304,0,0,0,0
06037403321,0,0,0,0
06037403318,0,0,0,0
06037403317,0,0,0,0
06037403320,0,0,0,0
06037195500,0,0,0,0
06037195720,0,0,0,0
06037195710,0,0,0,0
06037197410,0,0,0,0
06037195802,0,0,0,0
06037197300,0,0,0,0
06037197200,0,0,0,0
06037542502,0,0,0,0
06037543703,0,0,0,0
06037571000,0,0,0,0
06037570204,0,0,0,0
06037570303,0,0,0,0
06037555104,0,0,0,0
06037570502,0,0,0,0
06037570402,0,0,0,0
06037570501,0,0,0,0
06037570603,0,0,0,0
06037570301,0,0,0,0
06037570602,0,0,0,0
06037570304,0,0,0,0
06037504102,0,0,0,0
06037480002,0,0,0,1
06037620102,0,0,0,0
06037293301,0,0,0,0
06037300100,0,0,0,0
06037300501,0,0,0,0
06037101400,0,0,0,0
06037910210,0,0,0,0
06037480303,0,0,0,0
06037463602,0,0,0,1
06037463601,0,0,0,1
06037462302,0,0,1,1
06037462301,0,0,1,1
06037462202,0,0,1,1
06037462201,0,0,1,1
06037462002,0,0,1,1
06037462001,0,0,1,1
06037461902,0,0,1,1
06037461901,0,0,1,1
06037461502,0,1,1,1
06037186201,0,0,0,0
06037183702,0,0,0,0
06037183701,0,0,0,0
06037183402,0,0,0,0
06037183401,0,0,0,0
06037183222,0,0,0,1
06037183221,0,0,0,0
06037143603,0,0,1,1
06037701701,0,0,0,1
06037701100,0,0,1,1
06037701302,0,0,1,1
06037701601,0,0,1,1
06037701801,0,0,0,1
06037701602,0,0,1,1
06037701501,0,0,1,1
06037701702,0,0,1,1
06037482001,0,0,0,0
06037482002,0,0,0,0
06037482101,0,0,0,0
06037482201,0,0,0,0
06037482202,0,0,0,0
06037482102,0,0,0,0
06037433802,0,0,0,0
06037433902,0,0,0,0
06037128910,0,0,0,1
06037500500,0,0,0,0
06037500402,0,0,0,0
06037128702,0,0,1,1
06037500600,0,0,0,0
06037541606,0,0,0,0
06037128302,0,0,0,0
06037602106,0,0,0,0
06037602002,0,0,0,0
06037128303,0,0,0,1
06037603001,0,0,0,0
06037602404,0,0,0,0
06037128220,0,0,0,1
06037602403,0,0,0,0
06037600703,0,0,0,0
06037602402,0,0,0,0
06037600602,0,0,0,0
06037601303,0,0,0,0
06037236000,0,0,0,0
06037236100,0,0,0,0
06037237300,0,0,0,0
06037237500,0,0,0,0
06037237600,0,0,0,0
06037237720,0,0,0,0
06037237800,0,0,0,0
06037237710,0,0,0,0
06037237900,0,0,0,0
06037239330,0,0,0,0
06037239310,0,0,0,0
06037239320,0,0,0,0
06037238310,0,0,0,0
06037238100,0,0,0,0
06037534002,0,0,0,0
06037533203,0,0,0,0
06037534301,0,0,0,0
06037532001,0,0,0,0
06037532303,0,0,0,0
06037534403,0,0,0,0
06037534700,0,0,0,0
06037430701,0,0,1,1
06037431700,0,0,0,1
06037430802,0,0,0,1
06037431400,0,0,0,1
06037431800,0,0,0,1
06037430400,1,1,1,1
06037430600,0,0,1,1
06037401602,0,0,0,0
06037400204,0,0,0,0
06037404000,0,0,0,0
06037401601,0,0,0,0
06037401701,0,0,0,0
06037542402,0,0,0,0
06037543100,0,0,0,0
06037553300,0,0,0,0
06037554802,0,0,0,0
06037554900,0,0,0,0
06037106604,0,0,1,1
06037553400,0,0,0,0
06037554002,0,0,0,0
06037570601,0,0,0,0
06037570901,0,0,0,0
06037570800,0,0,0,0
06037571200,0,0,0,0
06037571400,0,0,0,0
06037573401,0,0,0,0
06037572500,0,0,0,0
06037571502,0,0,0,0
06037571600,0,0,0,0
06037208720,0,0,0,0
06037209402,0,0,0,0
06037297300,0,0,0,0
06037530500,0,0,0,0
06037297120,0,0,0,0
06037702901,0,0,0,0
06037701000,0,0,0,1
06037194500,0,0,1,1
06037701201,0,0,1,1
06037195300,0,0,0,1
06037620101,0,0,0,0
06037620201,0,0,0,0
06037275603,0,0,0,0
06037275500,0,0,0,0
06037275102,0,0,0,0
06037274202,0,0,0,0
06037273902,0,0,0,0
06037273502,0,0,0,0
06037273402,0,0,0,1
06037272202,0,0,0,0
06037272201,0,0,0,0
06037271902,0,0,0,0
06037271901,0,0,0,0
06037269905,0,0,0,0
06037269904,0,0,0,0
06037141304,0,0,0,1
06037141303,0,0,0,1
06037141202,0,0,1,1
06037141201,0,0,1,1
06037141102,0,0,1,1
06037139402,0,0,0,1
06037139001,0,0,0,1
06037137104,0,0,0,1
06037134904,0,0,0,0
06037702300,0,0,0,1
06037139600,0,0,1,1
06037702201,0,0,0,1
06037702202,0,0,0,1
06037701802,0,0,0,1
06037224200,0,0,0,0
06037221210,0,0,0,0
06037530700,0,0,0,0
06037482702,0,0,0,0
06037137501,0,0,0,1
06037530102,0,0,0,0
06037137402,0,0,0,1
06037432201,0,0,0,0
06037481300,0,0,0,0
06037404600,0,0,0,0
06037540300,0,0,0,0
06037540203,0,0,0,0
06037541002,0,0,0,0
06037104610,0,0,0,0
06037106111,0,0,0,1
06037111201,0,0,0,1
06037109800,0,0,0,1
06037111100,0,0,0,1
06037600911,0,0,0,0
06037601202,0,0,0,0
06037600802,0,0,0,0
06037601301,0,0,0,0
06037601001,0,0,0,0
06037601302,0,0,0,0
06037600704,0,0,0,0
06037600912,0,0,0,0
06037201401,0,0,0,0
06037238320,0,0,0,0
06037301100,0,0,0,0
06037301400,0,0,0,0
06037301502,0,0,0,0
06037301501,0,0,0,0
06037301204,0,0,0,0
06037301702,0,0,0,0
06037301701,0,0,0,0
06037301602,0,0,0,0
06037301900,0,0,0,0
06037534501,0,0,0,0
06037204920,0,0,0,0
06037206050,0,0,0,0
06037543601,0,0,0,0
06037532900,0,0,0,0
06037533103,0,0,0,0
06037535102,0,0,0,0
06037535200,0,0,0,0
06037535400,0,0,0,0
06037430501,1,1,1,1
06037430200,0,0,0,1
06037431600,0,0,0,1
06037463102,0,0,1,1
06037431900,0,0,0,1
06037432000,0,0,0,0
06037401312,0,0,0,0
06037407900,0,0,0,0
06037403401,0,0,0,0
06037403406,0,0,0,0
06037403405,0,0,0,0
06037403403,0,0,0,0
06037189800,0,1,1,1
06037554201,0,0,0,0
06037554404,0,0,0,0
06037106603,1,1,1,1
06037554403,0,0,0,0
06037554519,0,0,0,0
06037554511,0,0,0,0
06037554518,0,0,0,0
06037554513,0,0,0,0
06037554522,0,0,0,0
06037208903,0,0,0,0
06037209102,0,0,0,0
06037209300,0,0,0,0
06037208904,0,0,0,0
06037209401,0,0,0,0
06037209200,0,0,0,0
06037209403,0,0,0,0
06037209510,0,0,0,0
06037209520,0,0,0,0
06037209810,0,0,0,0
06037209820,0,0,0,0
06037210010,0,0,0,0
06037211000,0,0,0,1
06037211410,0,0,0,1
06037211320,0,0,0,0
06037211310,0,0,0,1
06037211420,0,0,0,1
06037211802,0,0,0,1
06037211701,0,0,0,1
06037211910,0,0,0,0
06037296500,0,0,0,0
06037297110,0,0,0,0
06037297400,0,0,0,0
06037297500,0,0,0,0
06037300200,0,0,0,0
06037609900,0,0,0,0
06037296220,0,0,0,0
06037670413,0,0,0,0
06037269903,0,0,0,0
06037269602,0,0,0,0
06037269601,0,0,0,0
06037267902,0,0,0,0
06037910209,0,0,0,0
06037910208,0,0,0,0
06037910207,0,0,0,0
06037910101,0,0,0,0
06037901210,0,0,0,0
06037901008,0,0,0,0
06037900508,0,0,0,0
06037800331,0,0,0,0
06037134424,0,0,1,1
06037134423,0,0,0,1
06037134002,0,0,0,0
06037134001,0,0,0,0
06037132502,0,0,0,0
06037132501,0,0,0,0
06037132102,0,0,0,0
06037132101,0,0,0,0
06037132002,0,0,0,0
06037132001,0,0,0,0
06037131702,0,0,0,0
06037128802,0,0,0,1
06037128602,0,0,0,1
06037530802,0,0,0,0
06037530601,0,0,0,0
06037530602,0,0,0,0
06037574500,0,0,0,0
06037574901,0,0,0,0
06037577100,0,0,0,0
06037575002,0,0,0,0
06037572201,0,0,0,0
06037481901,0,0,0,0
06037481401,0,0,0,0
06037482304,0,0,0,0
06037482402,0,0,0,0
06037482503,0,0,0,0
06037134421,0,0,1,1
06037530101,0,0,0,0
06037294820,0,0,0,0
06037111204,0,0,0,1
06037113212,0,0,0,0
06037113234,0,0,0,0
06037113211,0,0,0,0
06037113232,0,0,0,1
06037113321,0,0,0,0
06037113231,0,0,0,1
06037113301,0,0,0,0
06037113303,0,0,0,0
06037113401,0,0,0,0
06037601401,0,0,0,0
06037601211,0,0,0,0
06037600201,0,0,0,0
06037601002,0,0,0,0
06037600100,0,0,0,0
06037601212,0,0,0,0
06037600902,0,0,0,0
06037273100,0,0,0,1
06037602004,0,0,0,0
06037602003,0,0,0,0
06037602103,0,0,0,0
06037301000,0,0,0,0
06037302002,0,0,0,0
06037300902,0,0,0,1
06037302103,0,0,0,0
06037302301,0,0,0,0
06037302201,0,0,0,0
06037302202,0,0,0,0
06037311700,0,0,0,1
06037535300,0,0,0,0
06037534502,0,0,0,0
06037188300,0,0,0,0
06037532606,0,0,0,0
06037532603,0,0,0,0
06037532604,0,0,0,0
06037532605,0,0,0,0
06037534203,0,0,0,0
06037532800,0,0,0,0
06037533106,0,0,0,0
06037432101,0,0,0,0
06037432402,0,0,0,0
06037432102,0,0,0,0
06037480101,0,0,0,1
06037480012,0,0,0,1
06037480201,0,0,0,1
06037481101,0,0,0,0
06037403402,0,0,0,0
06037403404,0,0,0,0
06037403407,0,0,0,0
06037403703,0,0,0,0
06037403600,0,0,0,0
06037404902,0,0,0,0
06037405400,0,0,0,0
06037554512,0,0,0,0
06037554517,0,0,0,0
06037554515,0,0,0,0
06037500300,0,0,0,0
06037551300,0,0,0,0
06037552800,0,0,0,0
06037552900,0,0,0,0
06037552400,0,0,0,0
06037211500,0,0,0,1
06037212202,0,0,0,0
06037212304,0,0,0,0
06037212303,0,0,0,0
06037212204,0,0,0,0
06037212203,0,0,0,0
06037212306,0,0,0,0
06037212410,0,0,0,0
06037212305,0,0,0,0
06037212610,0,0,0,1
06037213201,0,0,0,0
06037212420,0,0,0,0
06037212620,0,0,0,0
06037212900,0,0,0,0
06037212800,0,0,0,1
06037213100,0,0,0,0
06037213202,0,0,0,0
06037213402,0,0,0,0
06037213401,0,0,0,0
06037213310,0,0,0,0
06037213320,0,0,0,0
06037460000,1,1,1,1
06037700200,0,0,1,1
06037221710,0,0,0,0
06037553000,0,0,0,0
06037293304,0,0,0,0
06037227020,0,0,0,0
06037228220,0,0,0,0
06037228310,0,0,0,0
06037228210,0,0,0,0
06037228100,0,0,0,0
06037228420,0,0,0,0
06037228320,0,0,0,0
06037228410,0,0,0,0
06037228500,0,0,0,0
06037650605,0,0,0,0
06037650604,0,0,0,0
06037461501,1,1,1,1
06037267403,0,0,0,1
06037265601,0,0,0,1
06037239802,0,0,0,0
06037239702,0,0,0,0
06037264103,0,0,1,1
06037262802,1,1,1,1
06037262706,1,1,1,1
06037262604,1,1,1,1
06037262501,1,1,1,1
06037241202,0,0,0,0
06037128601,0,0,0,1
06037128102,0,0,0,0
06037128101,0,0,0,1
06037127806,0,0,0,0
06037127804,0,0,0,0
06037127803,0,0,0,0
06037127711,0,0,0,0
06037127603,0,0,0,0
06037127104,0,0,0,0
06037127103,0,0,0,0
06037125502,0,0,0,1
06037293302,0,0,0,0
06037670403,0,0,0,0
06037574100,0,0,0,0
06037101210,0,0,0,0
06037574400,0,0,0,0
06037576802,0,0,0,0
06037576801,0,0,0,0
06037576700,0,0,0,0
06037576601,0,0,0,0
06037576602,0,0,0,0
06037576501,0,0,0,0
06037576503,0,0,0,0
06037576200,0,0,0,0
06037576401,0,0,0,0
06037576403,0,0,0,0
06037294110,0,0,0,0
06037294610,0,0,0,0
06037543604,0,0,0,0
06037576502,0,0,0,0
06037294620,0,0,0,0
06037294410,0,0,0,0
06037101110,0,0,0,0
06037294200,0,0,0,0
06037543903,0,0,0,0
06037572202,0,0,0,0
06037543701,0,0,0,0
06037113322,0,0,0,0
06037113421,0,0,0,0
06037115201,0,0,0,0
06037115302,0,0,0,0
06037115202,0,0,0,0
06037115101,0,0,0,0
06037117301,0,0,0,0
06037117302,0,0,0,0
06037117404,0,0,0,0
06037115401,0,0,0,0
06037119320,0,0,0,0
06037117510,0,0,0,0
06037119340,0,0,0,0
06037119310,0,0,0,0
06037119400,0,0,0,0
06037602105,0,0,0,0
06037601600,0,0,0,0
06037601700,0,0,0,0
06037601801,0,0,0,0
06037601802,0,0,0,0
06037601900,0,0,0,0
06037602104,0,0,0,0
06037600801,0,0,0,0
06037602700,0,0,0,0
06037601100,0,0,0,0
06037600601,0,0,0,0
06037302104,0,0,0,0
06037300901,0,0,1,1
06037320100,0,0,0,1
06037106113,0,0,0,1
06037311802,0,0,0,0
06037302102,0,0,0,0
06037302302,0,0,0,0
06037124400,0,0,0,1
06037125200,0,0,1,1
06037124700,0,0,1,1
06037125100,0,0,1,1
06037127102,0,0,0,0
06037534102,0,0,0,0
06037533104,0,0,0,0
06037533105,0,0,0,0
06037533601,0,0,0,0
06037533602,0,0,0,0
06037533501,0,0,0,0
06037205120,0,0,0,0
06037533804,0,0,0,0
06037460302,1,1,1,1
06037800101,0,0,0,1
06037800102,1,1,1,1
06037800202,0,0,1,1
06037651102,0,0,0,0
06037401704,0,0,0,0
06037408722,0,0,0,0
06037400900,0,0,0,0
06037190700,0,0,1,1
06037403801,0,0,0,0
06037405202,0,0,0,0
06037404801,0,0,0,0
06037404903,0,0,0,0
06037405201,0,0,0,0
06037405600,0,0,0,0
06037405203,0,0,0,0
06037406200,0,0,0,0
06037501802,0,0,0,0
06037109400,0,0,0,1
06037552602,0,0,0,0
06037552700,0,0,0,0
06037552601,0,0,0,0
06037553100,0,0,0,0
06037554514,0,0,0,0
06037554516,0,0,0,0
06037554600,0,0,0,0
06037554521,0,0,0,0
06037214000,0,0,1,1
06037214100,0,0,1,1
06037214400,0,0,1,1
06037214700,0,0,0,1
06037214800,0,0,0,1
06037214600,0,0,0,1
06037216100,0,0,0,1
06037571701,0,0,0,0
06037572100,0,0,0,0
06037572301,0,0,0,0
06037572302,0,0,0,0
06037228600,0,0,0,0
06037229200,0,0,0,0
06037228800,0,0,0,0
06037228900,0,0,0,0
06037231400,0,0,0,0
06037231220,0,0,0,0
06037231500,0,0,0,0
06037231710,0,0,0,0
06037232120,0,0,0,0
06037236400,0,0,0,0
06037236202,0,0,0,0
06037234200,0,0,0,0
06037261200,0,0,1,1
06037262100,0,0,0,1
06037262400,1,1,1,1
06037262303,0,0,1,1
06037262302,0,0,1,1
06037267200,0,0,0,1
06037241002,0,0,0,0
06037241001,0,0,0,0
06037240402,0,0,0,0
06037602507,0,0,0,0
06037602506,0,0,0,0
06037602505,0,0,0,0
06037602504,0,0,0,0
06037600303,0,0,0,0
06037990200,0,1,1,1
06037101300,0,0,0,0
06037651001,0,0,0,0
06037702600,0,0,0,0
06037670701,0,0,0,0
06037670002,0,0,0,0
06037294520,0,0,0,0
06037296600,0,0,0,0
06037575103,0,0,0,0
06037576402,0,0,0,0
06037575902,0,0,0,0
06037575401,0,0,0,0
06037575901,0,0,0,0
06037575102,0,0,0,0
06037575803,0,0,0,0
06037297000,0,0,0,0
06037575801,0,0,0,0
06037294830,0,0,0,0
06037294510,0,0,0,0
06037294900,0,0,0,0
06037296210,0,0,0,0
06037294810,0,0,0,0
06037577501,0,0,0,0
06037575201,0,0,0,0
06037575202,0,0,0,0
06037104500,0,0,0,0
06037104810,0,0,0,0
06037106403,0,0,1,1
06037107010,0,0,1,1
06037106641,0,0,1,1
06037107020,0,0,1,1
06037108101,0,0,0,1
06037117530,0,0,0,0
06037119800,0,0,0,0
06037117405,0,0,0,0
06037120010,0,0,0,0
06037119900,0,0,0,0
06037120030,0,0,0,0
06037119700,0,0,0,0
06037121010,0,0,0,0
06037120300,0,0,0,0
06037120020,0,0,0,0
06037121020,0,0,0,0
06037117520,0,0,0,0
06037121210,0,0,0,0
06037122120,0,0,0,0
06037127520,0,0,0,0
06037600202,0,0,0,0
06037600501,0,0,0,0
06037600400,0,0,0,0
06037296300,0,0,0,0
06037600702,0,0,0,0
06037135202,0,0,1,1
06037135203,1,1,1,1
06037137302,1,1,1,1
06037132900,0,0,0,1
06037131200,0,0,0,0
06037131600,0,0,0,0
06037137301,0,0,1,1
06037137201,0,0,0,1
06037137504,0,0,1,1
06037137401,0,0,0,1
06037460900,1,1,1,1
06037461700,0,0,1,1
06037462400,0,0,1,1
06037462100,0,0,1,1
06037461600,0,0,1,1
06037462500,1,1,1,1
06037463000,1,1,1,1
06037404803,0,0,0,0
06037404802,0,0,0,0
06037405001,0,0,0,0
06037405800,0,0,0,0
06037430002,0,0,0,1
06037407400,0,0,0,0
06037190510,0,0,0,1
06037403722,0,0,0,0
06037501900,0,0,0,0
06037503301,0,0,0,0
06037502100,0,0,0,0
06037502200,0,0,0,0
06037502301,0,0,0,0
06037503202,0,0,0,0
06037503401,0,0,0,0
06037553200,0,0,0,0
06037554700,0,0,0,0
06037554801,0,0,0,0
06037553701,0,0,0,0
06037553801,0,0,0,0
06037553502,0,0,0,0
06037553601,0,0,0,0
06037106520,0,0,1,1
06037400603,0,0,0,0
06037553901,0,0,0,0
06037543501,0,0,0,0
06037555002,0,0,0,0
06037571900,0,0,0,0
06037572400,0,0,0,0
06037572002,0,0,0,0
06037572001,0,0,0,0
06037573700,0,0,0,0
06037573800,0,0,0,0
06037573902,0,0,0,0
06037264301,0,0,1,1
06037265520,0,0,0,1
06037262601,1,1,1,1
06037265305,0,0,0,1
06037265420,0,0,0,1
06037265303,0,0,0,1
06037265304,0,0,0,1
06037265100,0,0,0,1
06037264000,0,0,1,1
06037265510,0,0,0,1
06037990300,0,0,0,0
06037990100,0,0,1,1
06037980033,0,0,0,0
06037980031,0,0,0,0
06037980030,0,0,0,0
06037980019,1,1,1,1
06037980018,0,0,0,0
06037239701,0,0,0,0
06037239602,0,0,0,0
06037239601,0,0,0,0
06037239502,0,0,0,0
06037239501,0,0,0,0
06037601501,0,0,0,0
06037670405,0,0,0,0
06037101220,0,0,0,0
06037670702,0,0,0,0
06037670500,0,0,0,0
06037651222,0,0,0,0
06037651302,0,0,0,0
06037651002,0,0,0,0
06037575402,0,0,0,0
06037113233,0,0,0,0
06037573002,0,0,0,0
06037577200,0,0,0,0
06037573402,0,0,0,0
06037571800,0,0,0,0
06037575802,0,0,0,0
06037573403,0,0,0,0
06037575500,0,0,0,0
06037108102,0,0,0,1
06037108103,0,0,1,1
06037109300,0,0,0,1
06037109200,0,0,0,1
06037109500,0,0,0,1
06037111202,0,0,0,1
06037111301,0,0,0,1
06037111302,0,0,0,1
06037111400,0,0,0,1
06037109700,0,0,0,1
06037920332,0,0,0,1
06037121600,0,0,0,0
06037541802,0,0,0,0
06037540700,0,0,0,0
06037540901,0,0,0,0
06037540800,0,0,0,0
06037540902,0,0,0,0
06037541605,0,0,0,0
06037139303,0,0,0,1
06037139301,0,0,0,1
06037460301,1,1,1,1
06037460200,1,1,1,1
06037300800,0,0,0,1
06037460501,0,0,1,1
06037461100,1,1,1,1
06037460600,0,0,0,1
06037137502,0,0,0,1
06037139302,0,0,0,1
06037139200,0,0,0,1
06037139701,0,0,1,1
06037139703,1,1,1,1
06037131020,0,0,0,0
06037141400,0,0,0,1
06037141302,0,0,0,1
06037143100,0,0,0,1
06037462800,0,0,1,1
06037463101,0,0,1,1
06037462900,1,1,1,1
06037462700,0,0,1,1
06037300400,0,0,0,0
06037462600,0,0,1,1
06037463200,0,0,1,1
06037406101,0,0,0,0
06037430102,0,0,0,1
06037404702,0,0,0,0
06037404701,0,0,0,0
06037408623,0,0,0,0
06037403319,0,0,0,0
06037408401,0,0,0,0
06037460700,0,0,1,1
06037503702,0,0,0,0
06037532102,0,0,0,0
06037503402,0,0,0,0
06037501600,0,0,0,0
06037503501,0,0,0,0
06037503502,0,0,0,0
06037503601,0,0,0,0
06037109100,0,0,0,1
06037553702,0,0,0,0
06037554101,0,0,0,0
06037553802,0,0,0,0
06037554001,0,0,0,0
06037602200,0,0,0,0
06037603400,0,0,0,0
06037106510,1,1,1,1
06037603004,0,0,0,0
06037574202,0,0,0,0
06037574201,0,0,0,0
06037574601,0,0,0,0
06037320300,0,0,0,1
06037291210,0,0,0,0
06037570203,0,0,0,0
06037291220,0,0,0,0
06037291300,0,0,0,0
06037103300,0,0,0,0
06037265700,0,0,0,0
06037265410,0,0,1,1
06037265301,0,0,0,1
06037183101,0,0,0,1
06037267100,0,0,0,0
06037264302,0,0,1,1
06037267300,0,0,0,1
06037267402,0,0,0,1
06037267501,0,0,0,1
06037267502,0,0,0,1
06037267600,0,0,0,1
06037239202,0,0,0,0
06037239201,0,0,0,0
06037237402,0,0,0,0
06037237401,0,0,0,0
06037237202,0,0,0,0
06037237201,0,0,0,0
06037237101,0,0,0,0
06037236204,0,0,0,0
06037236203,0,0,0,0
06037234902,0,0,0,0
06037222001,0,0,0,0
06037221602,0,0,0,0
06037221601,0,0,0,0
06037221402,0,0,0,0
06037430721,0,0,1,1
06037670406,0,0,0,0
06037670202,0,0,0,0
06037301601,0,0,0,0
06037670003,0,0,0,0
06037670411,0,0,0,0
06037211120,0,0,0,0
06037572600,0,0,0,0
06037573300,0,0,0,0
06037575300,0,0,0,0
06037572900,0,0,0,0
06037573201,0,0,0,0
06037573100,0,0,0,0
06037572700,0,0,0,0
06037572800,0,0,0,0
06037577000,0,0,0,0
06037542200,0,0,0,0
06037573202,0,0,0,0
06037910205,0,0,0,0
06037910705,0,0,0,0
06037910206,0,0,0,0
06037920328,0,0,0,0
06037920330,0,0,0,0
06037920329,0,0,0,0
06037109601,0,0,0,0
06037920303,0,0,1,1
06037920312,0,0,1,1
06037920313,0,0,0,1
06037920314,0,0,0,1
06037541603,0,0,0,0
06037550700,0,0,0,0
06037551600,0,0,0,0
06037550400,0,0,0,0
06037551201,0,0,0,0
06037551202,0,0,0,0
06037551700,0,0,0,0
06037553602,0,0,0,0
06037461200,1,1,1,1
06037460502,0,0,1,1
06037461300,1,1,1,1
06037461000,1,1,1,1
06037143200,0,0,1,1
06037143300,0,0,1,1
06037143400,0,0,1,1
06037141700,0,0,1,1
06037143602,0,0,1,1
06037240010,0,0,0,0
06037238400,0,0,0,0
06037240020,0,0,0,0
06037240200,0,0,0,0
06037240300,0,0,0,0
06037238200,0,0,0,0
06037240700,0,0,0,0
06037240600,0,0,0,0
06037463400,0,0,1,1
06037463700,0,0,0,1
06037463800,0,0,0,1
06037463500,0,0,1,1
06037463900,0,0,0,1
06037463300,0,0,1,1
06037406000,0,0,0,0
06037535101,0,0,0,0
06037532302,0,0,0,0
06037481712,0,0,0,0
06037123104,0,0,0,1
06037532304,0,0,0,0
06037432901,0,0,0,0
06037500100,0,0,0,0
06037503703,0,0,0,0
06037201700,0,0,0,0
06037536200,0,0,0,0
06037542000,0,0,0,0
06037540102,0,0,0,0
06037543603,0,0,0,0
06037541001,0,0,0,0
06037600502,0,0,0,0
06037603500,0,0,0,0
06037199110,0,0,0,0
06037197700,0,0,0,0
06037197600,0,0,0,0
06037197420,0,0,0,0
06037197500,0,0,0,0
06037199000,0,0,0,0
06037199120,0,0,0,0
06037199202,0,0,0,0
06037293201,0,0,0,0
06037292000,0,0,0,0
06037293202,0,0,0,0
06037294120,0,0,0,0
06037621201,0,0,0,0
06037620301,0,0,0,0
06037620303,0,0,0,0
06037620400,0,0,0,0
06037620901,0,0,0,0
06037620800,0,0,0,0
06037267700,0,0,0,1
06037267800,0,0,0,0
06037269100,0,0,0,0
06037700700,0,0,0,1
06037226002,0,0,0,0
06037226001,0,0,0,0
06037222002,0,0,0,0
06037980014,0,0,0,0
06037980013,0,0,0,0
06037980010,0,0,0,0
06037651101,0,0,0,0
06037203600,0,0,0,0
06037670100,0,0,0,0
06037670407,0,0,0,0
06037599100,0,0,0,0
06037670201,0,0,0,0
06037601402,0,0,0,0
06037901205,0,0,0,0
06037574000,0,0,0,0
06037910807,0,0,0,0
06037920023,0,0,0,0
06037920200,1,1,1,1
06037920104,0,0,1,1
06037920016,0,0,0,1
06037920028,0,0,0,0
06037910805,1,1,1,1
06037920038,0,0,0,0
06037920035,0,0,0,0
06037920334,0,0,0,0
06037920042,0,0,0,1
06037910809,0,0,0,0
06037920018,0,0,0,1
06037910301,0,0,0,0
06037106020,0,0,1,1
06037920034,0,0,0,0
06037910808,0,0,0,0
06037310400,0,0,0,0
06037550000,0,0,0,0
06037550100,0,0,0,0
06037551000,0,0,0,0
06037552200,0,0,0,0
06037552100,0,0,0,0
06037551900,0,0,0,0
06037553902,0,0,0,0
06037403500,0,0,0,0
06037461400,0,1,1,1
06037920017,0,0,0,0
06037310900,0,0,0,0
06037311200,0,0,0,1
06037311500,0,0,0,1
06037311400,0,0,0,1
06037800325,0,0,0,0
06037238000,0,0,0,0
06037240500,0,0,0,0
06037240900,0,0,0,0
06037240800,0,0,0,0
06037125600,0,0,0,1
06037262200,0,0,1,1
06037242100,0,0,0,0
06037241110,0,0,0,0
06037241300,0,0,0,0
06037241120,0,0,0,0
06037241400,0,0,0,0
06037242000,0,0,0,0
06037464000,0,0,0,1
06037464100,0,0,0,1
06037191710,0,0,0,1
06037191203,0,0,0,1
06037930200,1,1,1,1
06037910202,0,0,0,0
06037481711,0,0,0,0
06037480600,0,0,0,1
06037480302,0,0,0,0
06037504001,0,0,0,0
06037532200,0,0,0,0
06037503701,0,0,0,0
06037500900,0,0,0,0
06037432202,0,0,0,0
06037500800,0,0,0,0
06037500700,0,0,0,0
06037543322,0,0,0,0
06037543602,0,0,0,0
06037106642,0,0,1,1
06037543801,0,0,0,0
06037543802,0,0,0,0
06037541300,0,0,0,0
06037541200,0,0,0,0
06037541604,0,0,0,0
06037199400,0,0,0,0
06037199300,0,0,0,0
06037199900,0,0,0,0
06037199201,0,0,0,0
06037199800,0,0,0,0
06037201200,0,0,0,0
06037201301,0,0,0,0
06037201110,0,0,0,0
06037201302,0,0,0,0
06037201503,0,0,0,0
06037620521,0,0,0,0
06037620522,0,0,0,0
06037620701,0,0,0,0
06037620602,0,0,0,0
06037621002,0,0,0,0
06037620601,0,0,0,0
06037621001,0,0,0,0
06037620501,0,0,0,0
06037621102,0,0,0,0
06037620702,0,0,0,0
06037621301,0,0,0,0
06037930401,0,0,0,1
06037920115,0,0,0,0
06037920102,1,1,1,1
06037221401,0,0,0,0
06037221304,0,0,0,0
06037221303,0,0,0,0
06037219902,0,0,0,0
06037218702,0,0,0,0
06037218701,0,0,0,0
06037217002,0,0,0,1
06037217001,0,0,0,1
06037216402,0,0,0,1
06037216401,0,0,0,1
06037215102,0,0,0,1
06037215101,0,0,0,1
06037214501,0,0,0,1
06037212702,0,0,0,1
06037212502,0,0,0,0
06037574700,0,0,0,0
06037574602,0,0,0,0
06037574800,0,0,0,0
06037599000,0,0,0,0
06037577603,0,0,0,0
06037577400,0,0,0,0
06037577602,0,0,0,0
06037577300,0,0,0,0
06037502902,0,0,0,0
06037555202,0,0,0,0
06037920030,0,0,0,0
06037920037,0,0,0,0
06037920041,0,0,0,0
06037920031,0,0,0,1
06037920111,0,0,0,1
06037920112,0,0,0,0
06037310300,0,0,0,0
06037310701,0,0,0,0
06037310702,0,0,0,0
06037310800,0,0,0,0
06037311100,0,0,0,1
06037311000,0,0,0,0
06037311300,0,0,0,0
06037277400,0,0,0,0
06037310703,0,0,0,0
06037403316,0,0,0,0
06037406300,0,0,0,0
06037403323,0,0,0,0
06037403322,0,0,0,0
06037800324,0,0,0,1
06037800326,0,0,0,1
06037404401,0,0,0,0
06037404302,0,0,0,0
06037404301,0,0,0,0
06037406102,0,0,0,0
06037401002,0,0,0,0
06037400800,0,0,0,0
06037181600,0,0,0,0
06037242200,0,0,0,0
06037242300,0,0,0,0
06037242600,0,0,0,0
06037242700,0,0,0,0
06037243000,0,0,0,0
06037261101,0,0,1,1
06037261102,0,0,1,1
06037243100,0,0,0,0
06037273700,0,0,0,0
06037273600,0,0,0,0
06037273200,0,0,0,1
06037273300,0,0,0,1
06037273800,0,0,0,0
06037480903,0,0,0,0
06037191120,0,0,0,1
06037480902,0,0,0,0
06037482502,0,0,0,0
06037480702,0,0,0,0
06037480400,0,0,0,0
06037480804,0,0,0,0
06037480704,0,0,0,0
06037480202,0,0,0,1
06037122200,0,0,0,0
06037122000,0,0,0,0
06037502401,0,0,0,0
06037120400,0,0,0,0
06037502901,0,0,0,0
06037550800,0,0,0,0
06037550500,0,0,0,0
06037531502,0,0,0,0
06037540000,0,0,0,0
06037541700,0,0,0,0
06037541801,0,0,0,0
06037543305,0,0,0,0
06037543502,0,0,0,0
06037542601,0,0,0,0
06037542602,0,0,0,0
06037542800,0,0,0,0
06037542700,0,0,0,0
06037542900,0,0,0,0
06037201501,0,0,0,0
06037201402,0,0,0,0
06037203300,0,0,0,0
06037203100,0,0,0,0
06037203500,0,0,0,0
06037203710,0,0,0,0
06037203200,0,0,0,0
06037204410,0,0,0,0
06037203800,0,0,0,0
06037204420,0,0,0,0
06037204110,0,0,0,0
06037204300,0,0,0,0
06037621400,0,0,0,0
06037103200,0,0,0,0
06037650001,0,0,0,0
06037103102,0,0,0,0
06037650300,0,0,0,0
06037650101,0,0,0,0
06037216200,0,0,0,1
06037216300,0,0,0,1
06037216900,0,0,0,1
06037216700,0,0,0,1
06037216800,0,0,0,1
06037211921,0,0,0,0
06037211201,0,0,0,1
06037209104,0,0,0,0
06037209103,0,0,0,0
06037208802,0,0,0,0
06037208801,0,0,0,0
06037208502,0,0,0,0
06037208402,0,0,0,0
06037208401,0,0,0,0
06037208302,0,0,0,0
06037206032,0,0,0,0
06037920012,0,0,0,0
06037920011,0,0,1,1
06037910812,0,0,0,0
06037910811,1,1,1,1
06037910001,0,0,0,0
06037901213,0,0,0,0
06037901209,0,0,0,0
06037577604,0,0,0,0
06037576904,0,0,0,0
06037573004,0,0,0,0
06037571703,0,0,0,0
06037576901,0,0,0,0
06037575101,0,0,0,0
06037575001,0,0,0,0
06037574902,0,0,0,0
06037574300,0,0,0,0
06037900602,0,0,0,0
06037900504,0,0,0,0
06037900606,0,0,0,0
06037900605,0,0,0,0
06037920108,0,0,0,1
06037920106,0,0,0,1
06037920107,0,0,1,1
06037920109,0,0,0,1
06037920331,0,0,0,0
06037920110,0,0,0,1
06037910804,0,0,0,0
06037910709,0,0,0,0
06037920033,0,0,0,0
06037920040,0,0,0,0
06037920013,0,0,0,0
06037920039,0,0,0,0
06037300701,0,0,0,0
06037300702,0,0,0,0
06037300600,0,0,0,1
06037300502,0,0,0,1
06037123103,0,0,0,0
06037103101,0,0,0,0
06037106010,0,0,1,1
06037403702,0,0,0,0
06037403408,0,0,0,0
06037408501,0,0,0,0
06037408626,0,0,0,0
06037408402,0,0,0,0
06037431200,0,0,0,1
06037401001,0,0,0,0
06037401102,0,0,0,0
06037401101,0,0,0,0
06037401500,0,0,0,0
06037401203,0,0,0,0
06037401201,0,0,0,0
06037403902,0,0,0,0
06037404100,0,0,0,0
06037274100,0,0,0,0
06037275200,0,0,0,0
06037275400,0,0,0,0
06037275302,0,0,0,0
06037275311,0,0,0,0
06037276000,0,0,0,0
06037276100,0,0,0,0
06037276500,0,0,0,0
06037276400,0,0,0,0
06037276601,0,0,0,0
06037431002,0,0,0,1
06037190901,0,0,0,1
06037480703,0,0,0,0
06037430101,0,0,0,1
06037480011,0,0,0,1
06037400206,0,0,0,0
06037400302,0,0,0,0
06037481202,0,0,0,0
06037502602,0,0,0,0
06037502601,0,0,0,0
06037530003,0,0,0,0
06037117303,0,0,0,0
06037503000,0,0,0,0
06037115301,0,0,0,0
06037503201,0,0,0,0
06037503302,0,0,0,0
06037540600,0,0,0,0
06037542501,0,0,0,0
06037543000,0,0,0,0
06037543503,0,0,0,0
06037543202,0,0,0,0
06037543400,0,0,0,0
06037543304,0,0,0,0
06037543201,0,0,0,0
06037203720,0,0,0,0
06037204120,0,0,0,0
06037204200,0,0,0,0
06037204600,0,0,0,0
06037203900,0,0,0,0
06037204700,0,0,0,0
06037204820,0,0,0,0
06037204910,0,0,0,0
06037205110,0,0,0,0
06037204810,0,0,0,0
06037124102,0,0,0,1
06037320000,0,0,1,1
06037206200,0,0,0,0
06037207900,0,0,0,0
06037217200,0,0,0,1
06037217100,0,0,0,1
06037218210,0,0,0,0
06037218110,0,0,0,0
06037218120,0,0,0,0
06037188100,0,0,0,0
06037218300,0,0,0,0
06037218600,0,0,0,0
06037218220,0,0,0,0
06037218400,0,0,0,0
06037218500,0,0,0,0
06037218800,0,0,0,0
06037219500,0,0,0,0
06037219300,0,0,0,0
06037220000,0,0,0,0
06037554103,0,0,0,0
06037552301,0,0,0,0
06037433102,0,0,0,0
06037800328,1,1,1,1
06037800204,0,0,1,1
06037930101,1,1,1,1
06037920339,0,0,0,1
06037542104,0,0,0,0
06037542103,0,0,0,0
06037900607,0,0,0,0
06037900704,0,0,0,0
06037900703,0,0,0,0
06037900701,0,0,0,0
06037900705,0,0,0,0
06037900804,0,0,0,0
06037900806,0,0,0,0
06037900900,0,0,0,0
06037901003,0,0,0,0
06037920026,0,0,0,0
06037920043,0,0,0,1
06037910810,0,0,0,0
06037920032,0,0,0,0
06037920036,0,0,0,0
06037920029,0,0,0,0
06037920020,0,0,0,0
06037920322,0,0,0,0
06037103400,0,0,0,0
06037104105,0,0,0,0
06037104201,0,0,0,0
06037104310,0,0,0,0
06037104701,0,0,0,0
06037530006,0,0,0,0
06037482701,0,0,0,0
06037481500,0,0,0,0
06037481604,0,0,0,0
06037481402,0,0,0,0
06037481603,0,0,0,0
06037481713,0,0,0,0
06037480500,0,0,0,0
06037408624,0,0,0,0
06037408706,0,0,0,0
06037128500,0,0,0,1
06037430803,0,0,0,1
06037400205,0,0,0,0
06037408303,0,0,0,0
06037408625,0,0,0,0
06037408627,0,0,0,0
06037404402,0,0,0,0
06037400402,0,0,0,0
06037401311,0,0,0,0
06037401902,0,0,0,0
06037401901,0,0,0,0
06037401800,0,0,0,0
06037401703,0,0,0,0
06037277000,0,0,0,0
06037277100,0,0,0,0
06037143500,0,0,1,1
06037143700,0,0,1,1
06037141600,0,0,1,1
06037143800,0,0,1,1
06037143902,0,0,1,1
06037143901,1,1,1,1
06037181500,0,0,0,1
06037181400,0,0,0,0
06037183620,0,0,0,0
06037183300,0,0,0,0
06037183510,0,0,0,0
06037183610,0,0,0,0
06037183520,0,0,0,0
06037183810,0,0,0,0
06037400602,0,0,0,0
06037430302,0,0,1,1
06037430723,0,0,0,1
06037431100,0,0,0,1
06037533603,0,0,0,0
06037534101,0,0,0,0
